"","ID","degree"
"1",10,3469
"2",15,3469
"3",18,3469
"4",28,3469
"5",65,3469
"6",79,3469
"7",85,3469
"8",87,3469
"9",88,3469
"10",131,3469
"11",136,3469
"12",140,3469
"13",141,3469
"14",148,3469
"15",152,3469
"16",155,3469
"17",156,3469
"18",160,3469
"19",164,3469
"20",168,3469
"21",174,3469
"22",175,3469
"23",181,3469
"24",184,3469
"25",186,3469
"26",188,3469
"27",189,3469
"28",190,3469
"29",191,3469
"30",196,3469
"31",198,3469
"32",201,3469
"33",204,3469
"34",205,3469
"35",207,3469
"36",212,3469
"37",214,3469
"38",219,3469
"39",220,3469
"40",222,3469
"41",223,3469
"42",227,3469
"43",228,3469
"44",230,3469
"45",233,3469
"46",238,3469
"47",252,3469
"48",259,3469
"49",267,3469
"50",270,3469
"51",294,3469
"52",295,3469
"53",297,3469
"54",299,3469
"55",303,3469
"56",312,3469
"57",317,3469
"58",332,3469
"59",349,3469
"60",351,3469
"61",373,3469
"62",379,3469
"63",380,3469
"64",381,3469
"65",387,3469
"66",388,3469
"67",394,3469
"68",395,3469
"69",396,3469
"70",404,3469
"71",408,3469
"72",412,3469
"73",414,3469
"74",417,3469
"75",420,3469
"76",422,3469
"77",424,3469
"78",428,3469
"79",430,3469
"80",431,3469
"81",435,3469
"82",440,3469
"83",447,3469
"84",450,3469
"85",452,3469
"86",454,3469
"87",455,3469
"88",456,3469
"89",462,3469
"90",463,3469
"91",464,3469
"92",466,3469
"93",467,3469
"94",473,3469
"95",475,3469
"96",488,3469
"97",489,3469
"98",499,3469
"99",502,3469
"100",503,3469
"101",504,3469
"102",505,3469
"103",506,3469
"104",509,3469
"105",510,3469
"106",511,3469
"107",516,3469
"108",517,3469
"109",518,3469
"110",521,3469
"111",524,3469
"112",526,3469
"113",529,3469
"114",530,3469
"115",550,3469
"116",556,3469
"117",563,3469
"118",566,3469
"119",567,3469
"120",569,3469
"121",573,3469
"122",576,3469
"123",577,3469
"124",598,3469
"125",604,3469
"126",605,3469
"127",606,3469
"128",611,3469
"129",619,3469
"130",629,3469
"131",634,3469
"132",637,3469
"133",639,3469
"134",640,3469
"135",644,3469
"136",647,3469
"137",657,3469
"138",663,3469
"139",664,3469
"140",674,3469
"141",685,3469
"142",686,3469
"143",694,3469
"144",696,3469
"145",699,3469
"146",702,3469
"147",711,3469
"148",712,3469
"149",725,3469
"150",731,3469
"151",754,3469
"152",773,3469
"153",783,3469
"154",795,3469
"155",801,3469
"156",830,3469
"157",835,3469
"158",841,3469
"159",842,3469
"160",843,3469
"161",844,3469
"162",845,3469
"163",846,3469
"164",847,3469
"165",849,3469
"166",854,3469
"167",863,3469
"168",869,3469
"169",872,3469
"170",873,3469
"171",875,3469
"172",876,3469
"173",880,3469
"174",886,3469
"175",888,3469
"176",889,3469
"177",893,3469
"178",894,3469
"179",940,3469
"180",941,3469
"181",948,3469
"182",950,3469
"183",951,3469
"184",955,3469
"185",958,3469
"186",964,3469
"187",966,3469
"188",968,3469
"189",969,3469
"190",971,3469
"191",973,3469
"192",974,3469
"193",975,3469
"194",978,3469
"195",980,3469
"196",981,3469
"197",982,3469
"198",989,3469
"199",998,3469
"200",999,3469
"201",1000,3469
"202",1007,3469
"203",1008,3469
"204",1009,3469
"205",1011,3469
"206",1013,3469
"207",1015,3469
"208",1017,3469
"209",1018,3469
"210",1019,3469
"211",1020,3469
"212",1021,3469
"213",1022,3469
"214",1024,3469
"215",1025,3469
"216",1027,3469
"217",1030,3469
"218",1031,3469
"219",1033,3469
"220",1034,3469
"221",1035,3469
"222",1037,3469
"223",1042,3469
"224",1046,3469
"225",1049,3469
"226",1050,3469
"227",1070,3469
"228",1071,3469
"229",1072,3469
"230",1075,3469
"231",1076,3469
"232",1077,3469
"233",1078,3469
"234",1079,3469
"235",1094,3469
"236",1095,3469
"237",1096,3469
"238",1104,3469
"239",1108,3469
"240",1110,3469
"241",1111,3469
"242",1112,3469
"243",1119,3469
"244",1122,3469
"245",1124,3469
"246",1127,3469
"247",1131,3469
"248",1132,3469
"249",1133,3469
"250",1135,3469
"251",1138,3469
"252",1139,3469
"253",1141,3469
"254",1142,3469
"255",1144,3469
"256",1146,3469
"257",1149,3469
"258",1151,3469
"259",1152,3469
"260",1153,3469
"261",1154,3469
"262",1155,3469
"263",1158,3469
"264",1160,3469
"265",1165,3469
"266",1169,3469
"267",1170,3469
"268",1171,3469
"269",1173,3469
"270",1175,3469
"271",1176,3469
"272",1177,3469
"273",1179,3469
"274",1180,3469
"275",1181,3469
"276",1183,3469
"277",1184,3469
"278",1186,3469
"279",1190,3469
"280",1191,3469
"281",1196,3469
"282",1198,3469
"283",1200,3469
"284",1205,3469
"285",1207,3469
"286",1210,3469
"287",1212,3469
"288",1214,3469
"289",1220,3469
"290",1226,3469
"291",1227,3469
"292",1231,3469
"293",1234,3469
"294",1236,3469
"295",1238,3469
"296",1240,3469
"297",1241,3469
"298",1242,3469
"299",1243,3469
"300",1246,3469
"301",1247,3469
"302",1249,3469
"303",1252,3469
"304",1255,3469
"305",1257,3469
"306",1258,3469
"307",1267,3469
"308",1269,3469
"309",1271,3469
"310",1273,3469
"311",1274,3469
"312",1278,3469
"313",1280,3469
"314",1283,3469
"315",1285,3469
"316",1286,3469
"317",1287,3469
"318",1291,3469
"319",1293,3469
"320",1296,3469
"321",1297,3469
"322",1300,3469
"323",1301,3469
"324",1302,3469
"325",1303,3469
"326",1304,3469
"327",1305,3469
"328",1306,3469
"329",1308,3469
"330",1311,3469
"331",1314,3469
"332",1315,3469
"333",1316,3469
"334",1317,3469
"335",1318,3469
"336",1319,3469
"337",1320,3469
"338",1321,3469
"339",1322,3469
"340",1323,3469
"341",1324,3469
"342",1325,3469
"343",1326,3469
"344",1327,3469
"345",1328,3469
"346",1329,3469
"347",1330,3469
"348",1331,3469
"349",1332,3469
"350",1333,3469
"351",1334,3469
"352",1335,3469
"353",1336,3469
"354",1337,3469
"355",1338,3469
"356",1339,3469
"357",1340,3469
"358",1341,3469
"359",1342,3469
"360",1343,3469
"361",1344,3469
"362",1345,3469
"363",1346,3469
"364",1347,3469
"365",1348,3469
"366",1349,3469
"367",1350,3469
"368",1351,3469
"369",1355,3469
"370",1356,3469
"371",1357,3469
"372",1358,3469
"373",1359,3469
"374",1360,3469
"375",1361,3469
"376",1362,3469
"377",1365,3469
"378",1371,3469
"379",1374,3469
"380",1375,3469
"381",1376,3469
"382",1377,3469
"383",1378,3469
"384",1379,3469
"385",1380,3469
"386",1392,3469
"387",1395,3469
"388",1397,3469
"389",1398,3469
"390",1400,3469
"391",1401,3469
"392",1402,3469
"393",1404,3469
"394",1405,3469
"395",1406,3469
"396",1407,3469
"397",1409,3469
"398",1410,3469
"399",1411,3469
"400",1412,3469
"401",1414,3469
"402",1417,3469
"403",1418,3469
"404",1421,3469
"405",1422,3469
"406",1423,3469
"407",1425,3469
"408",1428,3469
"409",1429,3469
"410",1430,3469
"411",1433,3469
"412",1437,3469
"413",1439,3469
"414",1442,3469
"415",1444,3469
"416",1446,3469
"417",1448,3469
"418",1449,3469
"419",1450,3469
"420",1453,3469
"421",1454,3469
"422",1455,3469
"423",1457,3469
"424",1458,3469
"425",1460,3469
"426",1463,3469
"427",1464,3469
"428",1466,3469
"429",1467,3469
"430",1468,3469
"431",1469,3469
"432",1470,3469
"433",1471,3469
"434",1473,3469
"435",1475,3469
"436",1486,3469
"437",1487,3469
"438",1489,3469
"439",1493,3469
"440",1496,3469
"441",1500,3469
"442",1504,3469
"443",1509,3469
"444",1510,3469
"445",1511,3469
"446",1512,3469
"447",1514,3469
"448",1516,3469
"449",1517,3469
"450",1518,3469
"451",1521,3469
"452",1522,3469
"453",1523,3469
"454",1524,3469
"455",1525,3469
"456",1531,3469
"457",1532,3469
"458",1533,3469
"459",1534,3469
"460",1537,3469
"461",1538,3469
"462",1541,3469
"463",1542,3469
"464",1545,3469
"465",1546,3469
"466",1547,3469
"467",1550,3469
"468",1551,3469
"469",1552,3469
"470",1553,3469
"471",1554,3469
"472",1555,3469
"473",1557,3469
"474",1558,3469
"475",1559,3469
"476",1562,3469
"477",1563,3469
"478",1564,3469
"479",1566,3469
"480",1569,3469
"481",1570,3469
"482",1573,3469
"483",1576,3469
"484",1579,3469
"485",1583,3469
"486",1584,3469
"487",1585,3469
"488",1587,3469
"489",1588,3469
"490",1589,3469
"491",1590,3469
"492",1591,3469
"493",1592,3469
"494",1593,3469
"495",1595,3469
"496",1598,3469
"497",1601,3469
"498",1602,3469
"499",1603,3469
"500",1606,3469
"501",1607,3469
"502",1612,3469
"503",1613,3469
"504",1615,3469
"505",1616,3469
"506",1617,3469
"507",1619,3469
"508",1621,3469
"509",1623,3469
"510",1624,3469
"511",1625,3469
"512",1626,3469
"513",1627,3469
"514",1629,3469
"515",1630,3469
"516",1631,3469
"517",1633,3469
"518",1634,3469
"519",1635,3469
"520",1636,3469
"521",1638,3469
"522",1639,3469
"523",1640,3469
"524",1641,3469
"525",1642,3469
"526",1644,3469
"527",1645,3469
"528",1646,3469
"529",1648,3469
"530",1657,3469
"531",1658,3469
"532",1659,3469
"533",1662,3469
"534",1665,3469
"535",1673,3469
"536",1678,3469
"537",1680,3469
"538",1684,3469
"539",1686,3469
"540",1687,3469
"541",1688,3469
"542",1690,3469
"543",1691,3469
"544",1692,3469
"545",1694,3469
"546",1695,3469
"547",1699,3469
"548",1700,3469
"549",1701,3469
"550",1702,3469
"551",1708,3469
"552",1709,3469
"553",1710,3469
"554",1713,3469
"555",1714,3469
"556",1716,3469
"557",1717,3469
"558",1721,3469
"559",1723,3469
"560",1725,3469
"561",1726,3469
"562",1728,3469
"563",1729,3469
"564",1730,3469
"565",1731,3469
"566",1732,3469
"567",1733,3469
"568",1741,3469
"569",1743,3469
"570",1745,3469
"571",1746,3469
"572",1747,3469
"573",1749,3469
"574",1750,3469
"575",1751,3469
"576",1752,3469
"577",1753,3469
"578",1754,3469
"579",1755,3469
"580",1756,3469
"581",1758,3469
"582",1760,3469
"583",1761,3469
"584",1762,3469
"585",1764,3469
"586",1765,3469
"587",1766,3469
"588",1767,3469
"589",1768,3469
"590",1769,3469
"591",1770,3469
"592",1772,3469
"593",1773,3469
"594",1775,3469
"595",1776,3469
"596",1780,3469
"597",1781,3469
"598",1782,3469
"599",1783,3469
"600",1870,3469
"601",1872,3469
"602",1880,3469
"603",1881,3469
"604",1887,3469
"605",1889,3469
"606",1890,3469
"607",1891,3469
"608",1892,3469
"609",1893,3469
"610",1894,3469
"611",1898,3469
"612",1899,3469
"613",1900,3469
"614",1902,3469
"615",1904,3469
"616",1905,3469
"617",1907,3469
"618",1914,3469
"619",1915,3469
"620",1916,3469
"621",1917,3469
"622",1919,3469
"623",1921,3469
"624",1922,3469
"625",1923,3469
"626",1924,3469
"627",1926,3469
"628",1929,3469
"629",1930,3469
"630",1933,3469
"631",1934,3469
"632",1935,3469
"633",1936,3469
"634",1937,3469
"635",1938,3469
"636",1939,3469
"637",1940,3469
"638",1941,3469
"639",1942,3469
"640",1945,3469
"641",1947,3469
"642",1948,3469
"643",1949,3469
"644",1951,3469
"645",1952,3469
"646",1953,3469
"647",1955,3469
"648",1957,3469
"649",1958,3469
"650",1961,3469
"651",1962,3469
"652",1963,3469
"653",1966,3469
"654",1967,3469
"655",1968,3469
"656",1972,3469
"657",1973,3469
"658",1978,3469
"659",1980,3469
"660",1981,3469
"661",1982,3469
"662",1984,3469
"663",1985,3469
"664",1986,3469
"665",1988,3469
"666",1990,3469
"667",1991,3469
"668",1992,3469
"669",1993,3469
"670",1994,3469
"671",1996,3469
"672",1999,3469
"673",2000,3469
"674",2001,3469
"675",2003,3469
"676",2006,3469
"677",2007,3469
"678",2009,3469
"679",2010,3469
"680",2011,3469
"681",2012,3469
"682",2015,3469
"683",2016,3469
"684",2017,3469
"685",2019,3469
"686",2020,3469
"687",2023,3469
"688",2024,3469
"689",2025,3469
"690",2026,3469
"691",2027,3469
"692",2028,3469
"693",2029,3469
"694",2032,3469
"695",2033,3469
"696",2034,3469
"697",2035,3469
"698",2037,3469
"699",2038,3469
"700",2039,3469
"701",2041,3469
"702",2046,3469
"703",2047,3469
"704",2049,3469
"705",2051,3469
"706",2054,3469
"707",2055,3469
"708",2056,3469
"709",2058,3469
"710",2060,3469
"711",2064,3469
"712",2065,3469
"713",2067,3469
"714",2068,3469
"715",2069,3469
"716",2071,3469
"717",2073,3469
"718",2075,3469
"719",2077,3469
"720",2079,3469
"721",2080,3469
"722",2082,3469
"723",2083,3469
"724",2084,3469
"725",2086,3469
"726",2089,3469
"727",2090,3469
"728",2091,3469
"729",2092,3469
"730",2094,3469
"731",2096,3469
"732",2097,3469
"733",2102,3469
"734",2103,3469
"735",2107,3469
"736",2108,3469
"737",2109,3469
"738",2111,3469
"739",2112,3469
"740",2113,3469
"741",2114,3469
"742",2115,3469
"743",2116,3469
"744",2117,3469
"745",2118,3469
"746",2119,3469
"747",2124,3469
"748",2126,3469
"749",2127,3469
"750",2128,3469
"751",2129,3469
"752",2130,3469
"753",2131,3469
"754",2132,3469
"755",2133,3469
"756",2134,3469
"757",2136,3469
"758",2137,3469
"759",2138,3469
"760",2139,3469
"761",2140,3469
"762",2141,3469
"763",2142,3469
"764",2143,3469
"765",2144,3469
"766",2146,3469
"767",2147,3469
"768",2148,3469
"769",2150,3469
"770",2151,3469
"771",2152,3469
"772",2153,3469
"773",2154,3469
"774",2158,3469
"775",2159,3469
"776",2160,3469
"777",2162,3469
"778",2163,3469
"779",2165,3469
"780",2168,3469
"781",2169,3469
"782",2170,3469
"783",2172,3469
"784",2173,3469
"785",2174,3469
"786",2175,3469
"787",2176,3469
"788",2177,3469
"789",2179,3469
"790",2180,3469
"791",2181,3469
"792",2183,3469
"793",2184,3469
"794",2185,3469
"795",2187,3469
"796",2189,3469
"797",2190,3469
"798",2191,3469
"799",2192,3469
"800",2193,3469
"801",2194,3469
"802",2195,3469
"803",2196,3469
"804",2197,3469
"805",2198,3469
"806",2200,3469
"807",2201,3469
"808",2202,3469
"809",2203,3469
"810",2204,3469
"811",2207,3469
"812",2208,3469
"813",2209,3469
"814",2210,3469
"815",2211,3469
"816",2212,3469
"817",2213,3469
"818",2215,3469
"819",2216,3469
"820",2217,3469
"821",2218,3469
"822",2220,3469
"823",2221,3469
"824",2222,3469
"825",2224,3469
"826",2225,3469
"827",2226,3469
"828",2227,3469
"829",2228,3469
"830",2229,3469
"831",2230,3469
"832",2231,3469
"833",2233,3469
"834",2237,3469
"835",2239,3469
"836",2243,3469
"837",2254,3469
"838",2255,3469
"839",2256,3469
"840",2257,3469
"841",2260,3469
"842",2261,3469
"843",2262,3469
"844",2263,3469
"845",2264,3469
"846",2265,3469
"847",2266,3469
"848",2269,3469
"849",2270,3469
"850",2271,3469
"851",2272,3469
"852",2273,3469
"853",2274,3469
"854",2277,3469
"855",2278,3469
"856",2279,3469
"857",2281,3469
"858",2282,3469
"859",2284,3469
"860",2286,3469
"861",2288,3469
"862",2290,3469
"863",2291,3469
"864",2292,3469
"865",2295,3469
"866",2299,3469
"867",2300,3469
"868",2301,3469
"869",2303,3469
"870",2304,3469
"871",2305,3469
"872",2306,3469
"873",2307,3469
"874",2309,3469
"875",2314,3469
"876",2316,3469
"877",2317,3469
"878",2320,3469
"879",2321,3469
"880",2322,3469
"881",2324,3469
"882",2327,3469
"883",2328,3469
"884",2329,3469
"885",2330,3469
"886",2332,3469
"887",2333,3469
"888",2335,3469
"889",2336,3469
"890",2337,3469
"891",2338,3469
"892",2341,3469
"893",2342,3469
"894",2343,3469
"895",2345,3469
"896",2348,3469
"897",2350,3469
"898",2351,3469
"899",2352,3469
"900",2353,3469
"901",2355,3469
"902",2356,3469
"903",2357,3469
"904",2358,3469
"905",2359,3469
"906",2360,3469
"907",2361,3469
"908",2362,3469
"909",2363,3469
"910",2364,3469
"911",2365,3469
"912",2366,3469
"913",2367,3469
"914",2368,3469
"915",2369,3469
"916",2370,3469
"917",2371,3469
"918",2373,3469
"919",2374,3469
"920",2375,3469
"921",2377,3469
"922",2378,3469
"923",2379,3469
"924",2380,3469
"925",2381,3469
"926",2382,3469
"927",2383,3469
"928",2385,3469
"929",2387,3469
"930",2390,3469
"931",2391,3469
"932",2392,3469
"933",2393,3469
"934",2395,3469
"935",2396,3469
"936",2397,3469
"937",2398,3469
"938",2399,3469
"939",2400,3469
"940",2401,3469
"941",2403,3469
"942",2404,3469
"943",2405,3469
"944",2406,3469
"945",2409,3469
"946",2410,3469
"947",2412,3469
"948",2413,3469
"949",2414,3469
"950",2416,3469
"951",2417,3469
"952",2420,3469
"953",2421,3469
"954",2422,3469
"955",2423,3469
"956",2425,3469
"957",2426,3469
"958",2428,3469
"959",2429,3469
"960",2430,3469
"961",2431,3469
"962",2432,3469
"963",2433,3469
"964",2434,3469
"965",2435,3469
"966",2436,3469
"967",2437,3469
"968",2438,3469
"969",2439,3469
"970",2440,3469
"971",2441,3469
"972",2442,3469
"973",2443,3469
"974",2444,3469
"975",2445,3469
"976",2446,3469
"977",2447,3469
"978",2448,3469
"979",2449,3469
"980",2450,3469
"981",2451,3469
"982",2452,3469
"983",2453,3469
"984",2456,3469
"985",2458,3469
"986",2460,3469
"987",2463,3469
"988",2465,3469
"989",2466,3469
"990",2469,3469
"991",2474,3469
"992",2477,3469
"993",2479,3469
"994",2480,3469
"995",2489,3469
"996",2490,3469
"997",2491,3469
"998",2492,3469
"999",2494,3469
"1000",2495,3469
"1001",2497,3469
"1002",2499,3469
"1003",2500,3469
"1004",2501,3469
"1005",2505,3469
"1006",2507,3469
"1007",2510,3469
"1008",2512,3469
"1009",2514,3469
"1010",2515,3469
"1011",2516,3469
"1012",2518,3469
"1013",2519,3469
"1014",2520,3469
"1015",2522,3469
"1016",2523,3469
"1017",2524,3469
"1018",2525,3469
"1019",2526,3469
"1020",2528,3469
"1021",2529,3469
"1022",2530,3469
"1023",2531,3469
"1024",2532,3469
"1025",2533,3469
"1026",2535,3469
"1027",2539,3469
"1028",2541,3469
"1029",2542,3469
"1030",2543,3469
"1031",2544,3469
"1032",2545,3469
"1033",2546,3469
"1034",2549,3469
"1035",2550,3469
"1036",2551,3469
"1037",2552,3469
"1038",2553,3469
"1039",2554,3469
"1040",2556,3469
"1041",2557,3469
"1042",2559,3469
"1043",2561,3469
"1044",2562,3469
"1045",2563,3469
"1046",2564,3469
"1047",2566,3469
"1048",2567,3469
"1049",2569,3469
"1050",2570,3469
"1051",2574,3469
"1052",2575,3469
"1053",2576,3469
"1054",2577,3469
"1055",2579,3469
"1056",2580,3469
"1057",2581,3469
"1058",2582,3469
"1059",2583,3469
"1060",2584,3469
"1061",2585,3469
"1062",2586,3469
"1063",2588,3469
"1064",2589,3469
"1065",2590,3469
"1066",2595,3469
"1067",2596,3469
"1068",2597,3469
"1069",2598,3469
"1070",2599,3469
"1071",2601,3469
"1072",2603,3469
"1073",2604,3469
"1074",2605,3469
"1075",2606,3469
"1076",2607,3469
"1077",2610,3469
"1078",2611,3469
"1079",2612,3469
"1080",2613,3469
"1081",2614,3469
"1082",2615,3469
"1083",2617,3469
"1084",2618,3469
"1085",2619,3469
"1086",2620,3469
"1087",2621,3469
"1088",2622,3469
"1089",2623,3469
"1090",2624,3469
"1091",2625,3469
"1092",2626,3469
"1093",2627,3469
"1094",2628,3469
"1095",2630,3469
"1096",2631,3469
"1097",2633,3469
"1098",2637,3469
"1099",2638,3469
"1100",2639,3469
"1101",2641,3469
"1102",2642,3469
"1103",2643,3469
"1104",2644,3469
"1105",2645,3469
"1106",2647,3469
"1107",2649,3469
"1108",2651,3469
"1109",2652,3469
"1110",2653,3469
"1111",2655,3469
"1112",2656,3469
"1113",2657,3469
"1114",2658,3469
"1115",2660,3469
"1116",2662,3469
"1117",2663,3469
"1118",2665,3469
"1119",2666,3469
"1120",2667,3469
"1121",2669,3469
"1122",2670,3469
"1123",2671,3469
"1124",2672,3469
"1125",2673,3469
"1126",2674,3469
"1127",2675,3469
"1128",2676,3469
"1129",2677,3469
"1130",2678,3469
"1131",2681,3469
"1132",2682,3469
"1133",2683,3469
"1134",2684,3469
"1135",2685,3469
"1136",2686,3469
"1137",2687,3469
"1138",2688,3469
"1139",2689,3469
"1140",2690,3469
"1141",2691,3469
"1142",2692,3469
"1143",2693,3469
"1144",2695,3469
"1145",2696,3469
"1146",2697,3469
"1147",2698,3469
"1148",2699,3469
"1149",2700,3469
"1150",2701,3469
"1151",2702,3469
"1152",2703,3469
"1153",2704,3469
"1154",2705,3469
"1155",2706,3469
"1156",2707,3469
"1157",2708,3469
"1158",2709,3469
"1159",2710,3469
"1160",2711,3469
"1161",2712,3469
"1162",2713,3469
"1163",2714,3469
"1164",2715,3469
"1165",2716,3469
"1166",2717,3469
"1167",2718,3469
"1168",2719,3469
"1169",2720,3469
"1170",2721,3469
"1171",2722,3469
"1172",2723,3469
"1173",2724,3469
"1174",2725,3469
"1175",2727,3469
"1176",2728,3469
"1177",2729,3469
"1178",2731,3469
"1179",2732,3469
"1180",2733,3469
"1181",2734,3469
"1182",2735,3469
"1183",2736,3469
"1184",2737,3469
"1185",2738,3469
"1186",2740,3469
"1187",2741,3469
"1188",2742,3469
"1189",2743,3469
"1190",2744,3469
"1191",2745,3469
"1192",2746,3469
"1193",2747,3469
"1194",2748,3469
"1195",2750,3469
"1196",2752,3469
"1197",2753,3469
"1198",2754,3469
"1199",2755,3469
"1200",2756,3469
"1201",2757,3469
"1202",2758,3469
"1203",2759,3469
"1204",2761,3469
"1205",2763,3469
"1206",2765,3469
"1207",2766,3469
"1208",2768,3469
"1209",2769,3469
"1210",2770,3469
"1211",2774,3469
"1212",2775,3469
"1213",2776,3469
"1214",2777,3469
"1215",2778,3469
"1216",2779,3469
"1217",2783,3469
"1218",2784,3469
"1219",2786,3469
"1220",2787,3469
"1221",2788,3469
"1222",2789,3469
"1223",2790,3469
"1224",2791,3469
"1225",2792,3469
"1226",2793,3469
"1227",2794,3469
"1228",2796,3469
"1229",2797,3469
"1230",2798,3469
"1231",2800,3469
"1232",2801,3469
"1233",2803,3469
"1234",2804,3469
"1235",2805,3469
"1236",2806,3469
"1237",2807,3469
"1238",2808,3469
"1239",2809,3469
"1240",2810,3469
"1241",2813,3469
"1242",2814,3469
"1243",2815,3469
"1244",2818,3469
"1245",2819,3469
"1246",2820,3469
"1247",2821,3469
"1248",2822,3469
"1249",2823,3469
"1250",2824,3469
"1251",2826,3469
"1252",2827,3469
"1253",2828,3469
"1254",2829,3469
"1255",2832,3469
"1256",2833,3469
"1257",2834,3469
"1258",2836,3469
"1259",2838,3469
"1260",2839,3469
"1261",2840,3469
"1262",2841,3469
"1263",2843,3469
"1264",2844,3469
"1265",2845,3469
"1266",2846,3469
"1267",2847,3469
"1268",2848,3469
"1269",2852,3469
"1270",2853,3469
"1271",2855,3469
"1272",2857,3469
"1273",2858,3469
"1274",2859,3469
"1275",2860,3469
"1276",2862,3469
"1277",2863,3469
"1278",2865,3469
"1279",2866,3469
"1280",2867,3469
"1281",2872,3469
"1282",2874,3469
"1283",2875,3469
"1284",2877,3469
"1285",2878,3469
"1286",2879,3469
"1287",2883,3469
"1288",2884,3469
"1289",2887,3469
"1290",2888,3469
"1291",2891,3469
"1292",2892,3469
"1293",2893,3469
"1294",2894,3469
"1295",2895,3469
"1296",2897,3469
"1297",2898,3469
"1298",2899,3469
"1299",2901,3469
"1300",2903,3469
"1301",2904,3469
"1302",2906,3469
"1303",2907,3469
"1304",2909,3469
"1305",2911,3469
"1306",2912,3469
"1307",2916,3469
"1308",2917,3469
"1309",2918,3469
"1310",2919,3469
"1311",2920,3469
"1312",2921,3469
"1313",2923,3469
"1314",2924,3469
"1315",2925,3469
"1316",2926,3469
"1317",2927,3469
"1318",2928,3469
"1319",2929,3469
"1320",2930,3469
"1321",2931,3469
"1322",2933,3469
"1323",2934,3469
"1324",2936,3469
"1325",2937,3469
"1326",2939,3469
"1327",2940,3469
"1328",2945,3469
"1329",2946,3469
"1330",2947,3469
"1331",2948,3469
"1332",2949,3469
"1333",2951,3469
"1334",2952,3469
"1335",2953,3469
"1336",2954,3469
"1337",2955,3469
"1338",2956,3469
"1339",2957,3469
"1340",2958,3469
"1341",2961,3469
"1342",2962,3469
"1343",2963,3469
"1344",2964,3469
"1345",2965,3469
"1346",2966,3469
"1347",2967,3469
"1348",2968,3469
"1349",2969,3469
"1350",2970,3469
"1351",2971,3469
"1352",2973,3469
"1353",2974,3469
"1354",2975,3469
"1355",2976,3469
"1356",2978,3469
"1357",2979,3469
"1358",2980,3469
"1359",2981,3469
"1360",2982,3469
"1361",2983,3469
"1362",2984,3469
"1363",2987,3469
"1364",2988,3469
"1365",2990,3469
"1366",2992,3469
"1367",3015,3469
"1368",3016,3469
"1369",3017,3469
"1370",3018,3469
"1371",3019,3469
"1372",3020,3469
"1373",3022,3469
"1374",3023,3469
"1375",3024,3469
"1376",3025,3469
"1377",3026,3469
"1378",3027,3469
"1379",3028,3469
"1380",3029,3469
"1381",3031,3469
"1382",3032,3469
"1383",3033,3469
"1384",3034,3469
"1385",3035,3469
"1386",3038,3469
"1387",3039,3469
"1388",3040,3469
"1389",3042,3469
"1390",3043,3469
"1391",3044,3469
"1392",3045,3469
"1393",3047,3469
"1394",3049,3469
"1395",3052,3469
"1396",3054,3469
"1397",3055,3469
"1398",3056,3469
"1399",3058,3469
"1400",3059,3469
"1401",3060,3469
"1402",3061,3469
"1403",3063,3469
"1404",3064,3469
"1405",3067,3469
"1406",3068,3469
"1407",3070,3469
"1408",3071,3469
"1409",3072,3469
"1410",3073,3469
"1411",3074,3469
"1412",3076,3469
"1413",3077,3469
"1414",3079,3469
"1415",3080,3469
"1416",3081,3469
"1417",3082,3469
"1418",3083,3469
"1419",3085,3469
"1420",3087,3469
"1421",3088,3469
"1422",3089,3469
"1423",3090,3469
"1424",3091,3469
"1425",3095,3469
"1426",3098,3469
"1427",3099,3469
"1428",3100,3469
"1429",3102,3469
"1430",3103,3469
"1431",3105,3469
"1432",3106,3469
"1433",3108,3469
"1434",3109,3469
"1435",3110,3469
"1436",3111,3469
"1437",3114,3469
"1438",3115,3469
"1439",3121,3469
"1440",3123,3469
"1441",3124,3469
"1442",3127,3469
"1443",3129,3469
"1444",3131,3469
"1445",3135,3469
"1446",3136,3469
"1447",3137,3469
"1448",3138,3469
"1449",3140,3469
"1450",3141,3469
"1451",3142,3469
"1452",3143,3469
"1453",3144,3469
"1454",3145,3469
"1455",3146,3469
"1456",3147,3469
"1457",3148,3469
"1458",3149,3469
"1459",3160,3469
"1460",3161,3469
"1461",3162,3469
"1462",3163,3469
"1463",3167,3469
"1464",3168,3469
"1465",3170,3469
"1466",3171,3469
"1467",3172,3469
"1468",3173,3469
"1469",3174,3469
"1470",3175,3469
"1471",3176,3469
"1472",3177,3469
"1473",3178,3469
"1474",3179,3469
"1475",3180,3469
"1476",3181,3469
"1477",3182,3469
"1478",3183,3469
"1479",3185,3469
"1480",3186,3469
"1481",3187,3469
"1482",3188,3469
"1483",3189,3469
"1484",3190,3469
"1485",3191,3469
"1486",3193,3469
"1487",3194,3469
"1488",3195,3469
"1489",3197,3469
"1490",3198,3469
"1491",3200,3469
"1492",3202,3469
"1493",3203,3469
"1494",3204,3469
"1495",3206,3469
"1496",3207,3469
"1497",3208,3469
"1498",3209,3469
"1499",3210,3469
"1500",3211,3469
"1501",3212,3469
"1502",3213,3469
"1503",3214,3469
"1504",3215,3469
"1505",3216,3469
"1506",3218,3469
"1507",3222,3469
"1508",3225,3469
"1509",3227,3469
"1510",3228,3469
"1511",3229,3469
"1512",3230,3469
"1513",3231,3469
"1514",3232,3469
"1515",3234,3469
"1516",3235,3469
"1517",3239,3469
"1518",3240,3469
"1519",3241,3469
"1520",3242,3469
"1521",3243,3469
"1522",3245,3469
"1523",3249,3469
"1524",3250,3469
"1525",3251,3469
"1526",3252,3469
"1527",3253,3469
"1528",3254,3469
"1529",3256,3469
"1530",3257,3469
"1531",3259,3469
"1532",3260,3469
"1533",3261,3469
"1534",3262,3469
"1535",3263,3469
"1536",3264,3469
"1537",3266,3469
"1538",3267,3469
"1539",3269,3469
"1540",3270,3469
"1541",3271,3469
"1542",3272,3469
"1543",3273,3469
"1544",3280,3469
"1545",3281,3469
"1546",3282,3469
"1547",3283,3469
"1548",3285,3469
"1549",3286,3469
"1550",3287,3469
"1551",3291,3469
"1552",3292,3469
"1553",3294,3469
"1554",3296,3469
"1555",3297,3469
"1556",3299,3469
"1557",3306,3469
"1558",3307,3469
"1559",3309,3469
"1560",3310,3469
"1561",3313,3469
"1562",3314,3469
"1563",3315,3469
"1564",3316,3469
"1565",3318,3469
"1566",3319,3469
"1567",3320,3469
"1568",3321,3469
"1569",3322,3469
"1570",3323,3469
"1571",3325,3469
"1572",3326,3469
"1573",3327,3469
"1574",3328,3469
"1575",3329,3469
"1576",3330,3469
"1577",3331,3469
"1578",3332,3469
"1579",3335,3469
"1580",3336,3469
"1581",3337,3469
"1582",3340,3469
"1583",3342,3469
"1584",3345,3469
"1585",3347,3469
"1586",3348,3469
"1587",3349,3469
"1588",3350,3469
"1589",3351,3469
"1590",3352,3469
"1591",3353,3469
"1592",3354,3469
"1593",3357,3469
"1594",3358,3469
"1595",3360,3469
"1596",3363,3469
"1597",3364,3469
"1598",3366,3469
"1599",3368,3469
"1600",3370,3469
"1601",3371,3469
"1602",3372,3469
"1603",3374,3469
"1604",3375,3469
"1605",3376,3469
"1606",3377,3469
"1607",3378,3469
"1608",3380,3469
"1609",3381,3469
"1610",3382,3469
"1611",3383,3469
"1612",3384,3469
"1613",3385,3469
"1614",3386,3469
"1615",3388,3469
"1616",3389,3469
"1617",3390,3469
"1618",3391,3469
"1619",3392,3469
"1620",3393,3469
"1621",3394,3469
"1622",3395,3469
"1623",3396,3469
"1624",3398,3469
"1625",3399,3469
"1626",3400,3469
"1627",3401,3469
"1628",3402,3469
"1629",3403,3469
"1630",3404,3469
"1631",3405,3469
"1632",3406,3469
"1633",3407,3469
"1634",3408,3469
"1635",3410,3469
"1636",3411,3469
"1637",3412,3469
"1638",3413,3469
"1639",3416,3469
"1640",3418,3469
"1641",3420,3469
"1642",3422,3469
"1643",3424,3469
"1644",3425,3469
"1645",3427,3469
"1646",3428,3469
"1647",3429,3469
"1648",3433,3469
"1649",3434,3469
"1650",3435,3469
"1651",3437,3469
"1652",3439,3469
"1653",3440,3469
"1654",3441,3469
"1655",3443,3469
"1656",3444,3469
"1657",3445,3469
"1658",3449,3469
"1659",3450,3469
"1660",3451,3469
"1661",3452,3469
"1662",3453,3469
"1663",3454,3469
"1664",3462,3469
"1665",3463,3469
"1666",3465,3469
"1667",3466,3469
"1668",3468,3469
"1669",3469,3469
"1670",3472,3469
"1671",3473,3469
"1672",3480,3469
"1673",3483,3469
"1674",3485,3469
"1675",3486,3469
"1676",3487,3469
"1677",3488,3469
"1678",3494,3469
"1679",3497,3469
"1680",3499,3469
"1681",3501,3469
"1682",3502,3469
"1683",3503,3469
"1684",3506,3469
"1685",3510,3469
"1686",3511,3469
"1687",3512,3469
"1688",3513,3469
"1689",3514,3469
"1690",3515,3469
"1691",3516,3469
"1692",3517,3469
"1693",3518,3469
"1694",3519,3469
"1695",3520,3469
"1696",3521,3469
"1697",3522,3469
"1698",3523,3469
"1699",3524,3469
"1700",3525,3469
"1701",3526,3469
"1702",3527,3469
"1703",3529,3469
"1704",3530,3469
"1705",3531,3469
"1706",3533,3469
"1707",3535,3469
"1708",3536,3469
"1709",3539,3469
"1710",3540,3469
"1711",3544,3469
"1712",3545,3469
"1713",3553,3469
"1714",3554,3469
"1715",3555,3469
"1716",3557,3469
"1717",3559,3469
"1718",3560,3469
"1719",3561,3469
"1720",3562,3469
"1721",3563,3469
"1722",3567,3469
"1723",3568,3469
"1724",3571,3469
"1725",3572,3469
"1726",3573,3469
"1727",3576,3469
"1728",3577,3469
"1729",3578,3469
"1730",3579,3469
"1731",3580,3469
"1732",3581,3469
"1733",3582,3469
"1734",3585,3469
"1735",3587,3469
"1736",3588,3469
"1737",3589,3469
"1738",3590,3469
"1739",3591,3469
"1740",3594,3469
"1741",3595,3469
"1742",3596,3469
"1743",3599,3469
"1744",3600,3469
"1745",3601,3469
"1746",3602,3469
"1747",3603,3469
"1748",3605,3469
"1749",3606,3469
"1750",3607,3469
"1751",3608,3469
"1752",3610,3469
"1753",3611,3469
"1754",3615,3469
"1755",3618,3469
"1756",3619,3469
"1757",3620,3469
"1758",3621,3469
"1759",3622,3469
"1760",3624,3469
"1761",3626,3469
"1762",3628,3469
"1763",3629,3469
"1764",3630,3469
"1765",3633,3469
"1766",3637,3469
"1767",3638,3469
"1768",3639,3469
"1769",3640,3469
"1770",3641,3469
"1771",3644,3469
"1772",3645,3469
"1773",3647,3469
"1774",3648,3469
"1775",3650,3469
"1776",3651,3469
"1777",3652,3469
"1778",3653,3469
"1779",3654,3469
"1780",3655,3469
"1781",3656,3469
"1782",3657,3469
"1783",3660,3469
"1784",3661,3469
"1785",3666,3469
"1786",3667,3469
"1787",3668,3469
"1788",3669,3469
"1789",3670,3469
"1790",3671,3469
"1791",3674,3469
"1792",3675,3469
"1793",3676,3469
"1794",3680,3469
"1795",3682,3469
"1796",3683,3469
"1797",3684,3469
"1798",3685,3469
"1799",3686,3469
"1800",3687,3469
"1801",3688,3469
"1802",3689,3469
"1803",3691,3469
"1804",3692,3469
"1805",3695,3469
"1806",3696,3469
"1807",3697,3469
"1808",3698,3469
"1809",3699,3469
"1810",3700,3469
"1811",3701,3469
"1812",3706,3469
"1813",3707,3469
"1814",3709,3469
"1815",3710,3469
"1816",3712,3469
"1817",3713,3469
"1818",3714,3469
"1819",3715,3469
"1820",3716,3469
"1821",3717,3469
"1822",3718,3469
"1823",3720,3469
"1824",3722,3469
"1825",3723,3469
"1826",3724,3469
"1827",3725,3469
"1828",3726,3469
"1829",3727,3469
"1830",3728,3469
"1831",3729,3469
"1832",3730,3469
"1833",3731,3469
"1834",3733,3469
"1835",3734,3469
"1836",3735,3469
"1837",3736,3469
"1838",3737,3469
"1839",3743,3469
"1840",3744,3469
"1841",3745,3469
"1842",3746,3469
"1843",3747,3469
"1844",3748,3469
"1845",3749,3469
"1846",3750,3469
"1847",3751,3469
"1848",3752,3469
"1849",3753,3469
"1850",3754,3469
"1851",3755,3469
"1852",3756,3469
"1853",3757,3469
"1854",3758,3469
"1855",3759,3469
"1856",3760,3469
"1857",3761,3469
"1858",3762,3469
"1859",3763,3469
"1860",3764,3469
"1861",3765,3469
"1862",3766,3469
"1863",3767,3469
"1864",3768,3469
"1865",3769,3469
"1866",3770,3469
"1867",3771,3469
"1868",3772,3469
"1869",3773,3469
"1870",3774,3469
"1871",3776,3469
"1872",3777,3469
"1873",3779,3469
"1874",3780,3469
"1875",3781,3469
"1876",3782,3469
"1877",3783,3469
"1878",3784,3469
"1879",3785,3469
"1880",3786,3469
"1881",3788,3469
"1882",3789,3469
"1883",3790,3469
"1884",3792,3469
"1885",3793,3469
"1886",3794,3469
"1887",3795,3469
"1888",3796,3469
"1889",3797,3469
"1890",3798,3469
"1891",3799,3469
"1892",3800,3469
"1893",3801,3469
"1894",3802,3469
"1895",3804,3469
"1896",3805,3469
"1897",3807,3469
"1898",3808,3469
"1899",3810,3469
"1900",3812,3469
"1901",3813,3469
"1902",3814,3469
"1903",3815,3469
"1904",3818,3469
"1905",3819,3469
"1906",3820,3469
"1907",3822,3469
"1908",3823,3469
"1909",3824,3469
"1910",3825,3469
"1911",3826,3469
"1912",3827,3469
"1913",3829,3469
"1914",3830,3469
"1915",3831,3469
"1916",3835,3469
"1917",3836,3469
"1918",3838,3469
"1919",3839,3469
"1920",3840,3469
"1921",3841,3469
"1922",3842,3469
"1923",3843,3469
"1924",3844,3469
"1925",3845,3469
"1926",3846,3469
"1927",3847,3469
"1928",3849,3469
"1929",3850,3469
"1930",3851,3469
"1931",3852,3469
"1932",3854,3469
"1933",3855,3469
"1934",3856,3469
"1935",3857,3469
"1936",3858,3469
"1937",3859,3469
"1938",3860,3469
"1939",3861,3469
"1940",3862,3469
"1941",3863,3469
"1942",3864,3469
"1943",3865,3469
"1944",3869,3469
"1945",3871,3469
"1946",3873,3469
"1947",3874,3469
"1948",3876,3469
"1949",3881,3469
"1950",3882,3469
"1951",3883,3469
"1952",3886,3469
"1953",3896,3469
"1954",3901,3469
"1955",3902,3469
"1956",3905,3469
"1957",3906,3469
"1958",3908,3469
"1959",3914,3469
"1960",3918,3469
"1961",3919,3469
"1962",3920,3469
"1963",3921,3469
"1964",3925,3469
"1965",3926,3469
"1966",3927,3469
"1967",3929,3469
"1968",3933,3469
"1969",3934,3469
"1970",3938,3469
"1971",3939,3469
"1972",3940,3469
"1973",3941,3469
"1974",3942,3469
"1975",3944,3469
"1976",3945,3469
"1977",3946,3469
"1978",3947,3469
"1979",3948,3469
"1980",3949,3469
"1981",3950,3469
"1982",3951,3469
"1983",3952,3469
"1984",3953,3469
"1985",3954,3469
"1986",3955,3469
"1987",3956,3469
"1988",3957,3469
"1989",3958,3469
"1990",3961,3469
"1991",3962,3469
"1992",3965,3469
"1993",3966,3469
"1994",3967,3469
"1995",3968,3469
"1996",3969,3469
"1997",3970,3469
"1998",3971,3469
"1999",3972,3469
"2000",3974,3469
"2001",3975,3469
"2002",3976,3469
"2003",3977,3469
"2004",3978,3469
"2005",3979,3469
"2006",3980,3469
"2007",3981,3469
"2008",3982,3469
"2009",3983,3469
"2010",3984,3469
"2011",3985,3469
"2012",3987,3469
"2013",3988,3469
"2014",3989,3469
"2015",3991,3469
"2016",3992,3469
"2017",3993,3469
"2018",3994,3469
"2019",3996,3469
"2020",3997,3469
"2021",3998,3469
"2022",3999,3469
"2023",4000,3469
"2024",4002,3469
"2025",4004,3469
"2026",4005,3469
"2027",4008,3469
"2028",4009,3469
"2029",4010,3469
"2030",4011,3469
"2031",4012,3469
"2032",4013,3469
"2033",4014,3469
"2034",4015,3469
"2035",4016,3469
"2036",4017,3469
"2037",4018,3469
"2038",4020,3469
"2039",4021,3469
"2040",4022,3469
"2041",4024,3469
"2042",4025,3469
"2043",4026,3469
"2044",4027,3469
"2045",4029,3469
"2046",4030,3469
"2047",4032,3469
"2048",4033,3469
"2049",4035,3469
"2050",4036,3469
"2051",4038,3469
"2052",4041,3469
"2053",4042,3469
"2054",4043,3469
"2055",4044,3469
"2056",4045,3469
"2057",4048,3469
"2058",4049,3469
"2059",4052,3469
"2060",4053,3469
"2061",4057,3469
"2062",4059,3469
"2063",4060,3469
"2064",4061,3469
"2065",4062,3469
"2066",4063,3469
"2067",4064,3469
"2068",4066,3469
"2069",4067,3469
"2070",4068,3469
"2071",4069,3469
"2072",4070,3469
"2073",4071,3469
"2074",4072,3469
"2075",4073,3469
"2076",4074,3469
"2077",4077,3469
"2078",4078,3469
"2079",4079,3469
"2080",4080,3469
"2081",4081,3469
"2082",4082,3469
"2083",4083,3469
"2084",4084,3469
"2085",4086,3469
"2086",4087,3469
"2087",4088,3469
"2088",4089,3469
"2089",4090,3469
"2090",4091,3469
"2091",4092,3469
"2092",4093,3469
"2093",4094,3469
"2094",4095,3469
"2095",4096,3469
"2096",4097,3469
"2097",4098,3469
"2098",4099,3469
"2099",4100,3469
"2100",4101,3469
"2101",4102,3469
"2102",4103,3469
"2103",4104,3469
"2104",4105,3469
"2105",4106,3469
"2106",4107,3469
"2107",4108,3469
"2108",4109,3469
"2109",4110,3469
"2110",4111,3469
"2111",4112,3469
"2112",4113,3469
"2113",4114,3469
"2114",4115,3469
"2115",4119,3469
"2116",4125,3469
"2117",4127,3469
"2118",4128,3469
"2119",4130,3469
"2120",4131,3469
"2121",4133,3469
"2122",4134,3469
"2123",4136,3469
"2124",4137,3469
"2125",4138,3469
"2126",4139,3469
"2127",4140,3469
"2128",4141,3469
"2129",4142,3469
"2130",4143,3469
"2131",4144,3469
"2132",4145,3469
"2133",4146,3469
"2134",4147,3469
"2135",4148,3469
"2136",4149,3469
"2137",4150,3469
"2138",4151,3469
"2139",4152,3469
"2140",4153,3469
"2141",4154,3469
"2142",4155,3469
"2143",4156,3469
"2144",4158,3469
"2145",4159,3469
"2146",4160,3469
"2147",4161,3469
"2148",4162,3469
"2149",4163,3469
"2150",4164,3469
"2151",4165,3469
"2152",4166,3469
"2153",4167,3469
"2154",4168,3469
"2155",4169,3469
"2156",4170,3469
"2157",4171,3469
"2158",4172,3469
"2159",4174,3469
"2160",4175,3469
"2161",4176,3469
"2162",4177,3469
"2163",4178,3469
"2164",4179,3469
"2165",4180,3469
"2166",4181,3469
"2167",4182,3469
"2168",4183,3469
"2169",4184,3469
"2170",4185,3469
"2171",4186,3469
"2172",4187,3469
"2173",4188,3469
"2174",4189,3469
"2175",4190,3469
"2176",4191,3469
"2177",4192,3469
"2178",4194,3469
"2179",4195,3469
"2180",4196,3469
"2181",4198,3469
"2182",4199,3469
"2183",4200,3469
"2184",4202,3469
"2185",4204,3469
"2186",4205,3469
"2187",4206,3469
"2188",4207,3469
"2189",4208,3469
"2190",4209,3469
"2191",4210,3469
"2192",4211,3469
"2193",4213,3469
"2194",4214,3469
"2195",4215,3469
"2196",4216,3469
"2197",4218,3469
"2198",4219,3469
"2199",4220,3469
"2200",4221,3469
"2201",4222,3469
"2202",4223,3469
"2203",4224,3469
"2204",4227,3469
"2205",4228,3469
"2206",4229,3469
"2207",4230,3469
"2208",4231,3469
"2209",4232,3469
"2210",4233,3469
"2211",4234,3469
"2212",4235,3469
"2213",4237,3469
"2214",4238,3469
"2215",4240,3469
"2216",4242,3469
"2217",4244,3469
"2218",4246,3469
"2219",4247,3469
"2220",4248,3469
"2221",4249,3469
"2222",4250,3469
"2223",4251,3469
"2224",4252,3469
"2225",4253,3469
"2226",4255,3469
"2227",4256,3469
"2228",4257,3469
"2229",4258,3469
"2230",4259,3469
"2231",4260,3469
"2232",4261,3469
"2233",4264,3469
"2234",4265,3469
"2235",4267,3469
"2236",4269,3469
"2237",4270,3469
"2238",4271,3469
"2239",4272,3469
"2240",4274,3469
"2241",4275,3469
"2242",4278,3469
"2243",4280,3469
"2244",4281,3469
"2245",4282,3469
"2246",4283,3469
"2247",4285,3469
"2248",4286,3469
"2249",4287,3469
"2250",4288,3469
"2251",4289,3469
"2252",4292,3469
"2253",4293,3469
"2254",4294,3469
"2255",4295,3469
"2256",4296,3469
"2257",4297,3469
"2258",4298,3469
"2259",4299,3469
"2260",4300,3469
"2261",4301,3469
"2262",4305,3469
"2263",4306,3469
"2264",4307,3469
"2265",4312,3469
"2266",4313,3469
"2267",4314,3469
"2268",4317,3469
"2269",4319,3469
"2270",4320,3469
"2271",4321,3469
"2272",4322,3469
"2273",4323,3469
"2274",4324,3469
"2275",4327,3469
"2276",4330,3469
"2277",4331,3469
"2278",4332,3469
"2279",4333,3469
"2280",4334,3469
"2281",4335,3469
"2282",4336,3469
"2283",4337,3469
"2284",4338,3469
"2285",4339,3469
"2286",4340,3469
"2287",4342,3469
"2288",4343,3469
"2289",4344,3469
"2290",4345,3469
"2291",4347,3469
"2292",4348,3469
"2293",4349,3469
"2294",4350,3469
"2295",4351,3469
"2296",4352,3469
"2297",4353,3469
"2298",4354,3469
"2299",4355,3469
"2300",4356,3469
"2301",4357,3469
"2302",4358,3469
"2303",4360,3469
"2304",4361,3469
"2305",4362,3469
"2306",4363,3469
"2307",4365,3469
"2308",4368,3469
"2309",4369,3469
"2310",4370,3469
"2311",4371,3469
"2312",4372,3469
"2313",4374,3469
"2314",4375,3469
"2315",4376,3469
"2316",4377,3469
"2317",4378,3469
"2318",4379,3469
"2319",4380,3469
"2320",4381,3469
"2321",4382,3469
"2322",4385,3469
"2323",4386,3469
"2324",4390,3469
"2325",4391,3469
"2326",4392,3469
"2327",4394,3469
"2328",4395,3469
"2329",4397,3469
"2330",4398,3469
"2331",4400,3469
"2332",4401,3469
"2333",4402,3469
"2334",4405,3469
"2335",4406,3469
"2336",4407,3469
"2337",4408,3469
"2338",4409,3469
"2339",4410,3469
"2340",4411,3469
"2341",4413,3469
"2342",4414,3469
"2343",4415,3469
"2344",4416,3469
"2345",4417,3469
"2346",4418,3469
"2347",4420,3469
"2348",4421,3469
"2349",4422,3469
"2350",4423,3469
"2351",4424,3469
"2352",4428,3469
"2353",4429,3469
"2354",4430,3469
"2355",4431,3469
"2356",4432,3469
"2357",4433,3469
"2358",4435,3469
"2359",4436,3469
"2360",4437,3469
"2361",4438,3469
"2362",4439,3469
"2363",4440,3469
"2364",4441,3469
"2365",4443,3469
"2366",4444,3469
"2367",4445,3469
"2368",4446,3469
"2369",4448,3469
"2370",4449,3469
"2371",4450,3469
"2372",4451,3469
"2373",4452,3469
"2374",4454,3469
"2375",4456,3469
"2376",4457,3469
"2377",4458,3469
"2378",4459,3469
"2379",4460,3469
"2380",4461,3469
"2381",4462,3469
"2382",4463,3469
"2383",4464,3469
"2384",4465,3469
"2385",4466,3469
"2386",4467,3469
"2387",4468,3469
"2388",4469,3469
"2389",4470,3469
"2390",4471,3469
"2391",4472,3469
"2392",4473,3469
"2393",4474,3469
"2394",4475,3469
"2395",4476,3469
"2396",4477,3469
"2397",4478,3469
"2398",4479,3469
"2399",4480,3469
"2400",4481,3469
"2401",4482,3469
"2402",4483,3469
"2403",4484,3469
"2404",4485,3469
"2405",4486,3469
"2406",4487,3469
"2407",4488,3469
"2408",4489,3469
"2409",4490,3469
"2410",4491,3469
"2411",4492,3469
"2412",4493,3469
"2413",4494,3469
"2414",4496,3469
"2415",4497,3469
"2416",4498,3469
"2417",4502,3469
"2418",4503,3469
"2419",4505,3469
"2420",4506,3469
"2421",4508,3469
"2422",4509,3469
"2423",4511,3469
"2424",4512,3469
"2425",4513,3469
"2426",4514,3469
"2427",4515,3469
"2428",4517,3469
"2429",4520,3469
"2430",4522,3469
"2431",4523,3469
"2432",4524,3469
"2433",4525,3469
"2434",4526,3469
"2435",4528,3469
"2436",4529,3469
"2437",4530,3469
"2438",4531,3469
"2439",4532,3469
"2440",4534,3469
"2441",4535,3469
"2442",4536,3469
"2443",4539,3469
"2444",4540,3469
"2445",4541,3469
"2446",4542,3469
"2447",4543,3469
"2448",4544,3469
"2449",4545,3469
"2450",4546,3469
"2451",4547,3469
"2452",4548,3469
"2453",4549,3469
"2454",4550,3469
"2455",4551,3469
"2456",4552,3469
"2457",4553,3469
"2458",4555,3469
"2459",4556,3469
"2460",4558,3469
"2461",4559,3469
"2462",4560,3469
"2463",4561,3469
"2464",4562,3469
"2465",4563,3469
"2466",4564,3469
"2467",4565,3469
"2468",4566,3469
"2469",4567,3469
"2470",4568,3469
"2471",4569,3469
"2472",4570,3469
"2473",4572,3469
"2474",4573,3469
"2475",4574,3469
"2476",4575,3469
"2477",4576,3469
"2478",4577,3469
"2479",4579,3469
"2480",4580,3469
"2481",4581,3469
"2482",4582,3469
"2483",4583,3469
"2484",4584,3469
"2485",4585,3469
"2486",4586,3469
"2487",4587,3469
"2488",4588,3469
"2489",4589,3469
"2490",4590,3469
"2491",4591,3469
"2492",4592,3469
"2493",4593,3469
"2494",4594,3469
"2495",4596,3469
"2496",4597,3469
"2497",4598,3469
"2498",4599,3469
"2499",4600,3469
"2500",4601,3469
"2501",4602,3469
"2502",4603,3469
"2503",4604,3469
"2504",4605,3469
"2505",4606,3469
"2506",4607,3469
"2507",4608,3469
"2508",4609,3469
"2509",4610,3469
"2510",4611,3469
"2511",4612,3469
"2512",4613,3469
"2513",4615,3469
"2514",4616,3469
"2515",4617,3469
"2516",4618,3469
"2517",4619,3469
"2518",4620,3469
"2519",4623,3469
"2520",4626,3469
"2521",4627,3469
"2522",4630,3469
"2523",4631,3469
"2524",4632,3469
"2525",4633,3469
"2526",4634,3469
"2527",4635,3469
"2528",4637,3469
"2529",4638,3469
"2530",4639,3469
"2531",4640,3469
"2532",4641,3469
"2533",4642,3469
"2534",4643,3469
"2535",4644,3469
"2536",4645,3469
"2537",4646,3469
"2538",4647,3469
"2539",4648,3469
"2540",4649,3469
"2541",4650,3469
"2542",4651,3469
"2543",4652,3469
"2544",4654,3469
"2545",4655,3469
"2546",4656,3469
"2547",4657,3469
"2548",4658,3469
"2549",4659,3469
"2550",4661,3469
"2551",4662,3469
"2552",4663,3469
"2553",4664,3469
"2554",4665,3469
"2555",4666,3469
"2556",4667,3469
"2557",4668,3469
"2558",4669,3469
"2559",4670,3469
"2560",4672,3469
"2561",4673,3469
"2562",4674,3469
"2563",4675,3469
"2564",4676,3469
"2565",4677,3469
"2566",4678,3469
"2567",4679,3469
"2568",4680,3469
"2569",4683,3469
"2570",4684,3469
"2571",4685,3469
"2572",4686,3469
"2573",4687,3469
"2574",4688,3469
"2575",4689,3469
"2576",4690,3469
"2577",4691,3469
"2578",4694,3469
"2579",4695,3469
"2580",4698,3469
"2581",4699,3469
"2582",4700,3469
"2583",4701,3469
"2584",4702,3469
"2585",4703,3469
"2586",4707,3469
"2587",4708,3469
"2588",4709,3469
"2589",4711,3469
"2590",4713,3469
"2591",4715,3469
"2592",4717,3469
"2593",4718,3469
"2594",4719,3469
"2595",4720,3469
"2596",4722,3469
"2597",4723,3469
"2598",4724,3469
"2599",4725,3469
"2600",4727,3469
"2601",4728,3469
"2602",4729,3469
"2603",4730,3469
"2604",4731,3469
"2605",4732,3469
"2606",4733,3469
"2607",4734,3469
"2608",4735,3469
"2609",4736,3469
"2610",4737,3469
"2611",4738,3469
"2612",4741,3469
"2613",4742,3469
"2614",4743,3469
"2615",4744,3469
"2616",4745,3469
"2617",4746,3469
"2618",4747,3469
"2619",4748,3469
"2620",4750,3469
"2621",4752,3469
"2622",4753,3469
"2623",4755,3469
"2624",4760,3469
"2625",4761,3469
"2626",4762,3469
"2627",4763,3469
"2628",4764,3469
"2629",4765,3469
"2630",4766,3469
"2631",4767,3469
"2632",4769,3469
"2633",4770,3469
"2634",4771,3469
"2635",4773,3469
"2636",4774,3469
"2637",4775,3469
"2638",4776,3469
"2639",4777,3469
"2640",4778,3469
"2641",4779,3469
"2642",4780,3469
"2643",4781,3469
"2644",4782,3469
"2645",4783,3469
"2646",4784,3469
"2647",4785,3469
"2648",4786,3469
"2649",4787,3469
"2650",4788,3469
"2651",4789,3469
"2652",4790,3469
"2653",4791,3469
"2654",4792,3469
"2655",4793,3469
"2656",4794,3469
"2657",4797,3469
"2658",4799,3469
"2659",4801,3469
"2660",4802,3469
"2661",4804,3469
"2662",4805,3469
"2663",4809,3469
"2664",4810,3469
"2665",4811,3469
"2666",4813,3469
"2667",4814,3469
"2668",4816,3469
"2669",4817,3469
"2670",4818,3469
"2671",4821,3469
"2672",4822,3469
"2673",4823,3469
"2674",4824,3469
"2675",4825,3469
"2676",4826,3469
"2677",4827,3469
"2678",4828,3469
"2679",4830,3469
"2680",4831,3469
"2681",4832,3469
"2682",4833,3469
"2683",4834,3469
"2684",4835,3469
"2685",4836,3469
"2686",4837,3469
"2687",4838,3469
"2688",4839,3469
"2689",4842,3469
"2690",4845,3469
"2691",4846,3469
"2692",4859,3469
"2693",4860,3469
"2694",4861,3469
"2695",4863,3469
"2696",4864,3469
"2697",4866,3469
"2698",4867,3469
"2699",4868,3469
"2700",4869,3469
"2701",4870,3469
"2702",4871,3469
"2703",4872,3469
"2704",4873,3469
"2705",4874,3469
"2706",4875,3469
"2707",4876,3469
"2708",4877,3469
"2709",4878,3469
"2710",4879,3469
"2711",4882,3469
"2712",4890,3469
"2713",4891,3469
"2714",4892,3469
"2715",4893,3469
"2716",4894,3469
"2717",4895,3469
"2718",4896,3469
"2719",4897,3469
"2720",4898,3469
"2721",4899,3469
"2722",4900,3469
"2723",4901,3469
"2724",4902,3469
"2725",4903,3469
"2726",4906,3469
"2727",4908,3469
"2728",4909,3469
"2729",4910,3469
"2730",4912,3469
"2731",4913,3469
"2732",4914,3469
"2733",4915,3469
"2734",4916,3469
"2735",4917,3469
"2736",4919,3469
"2737",4920,3469
"2738",4921,3469
"2739",4922,3469
"2740",4923,3469
"2741",4924,3469
"2742",4925,3469
"2743",4926,3469
"2744",4927,3469
"2745",4928,3469
"2746",4929,3469
"2747",4930,3469
"2748",4931,3469
"2749",4932,3469
"2750",4934,3469
"2751",4935,3469
"2752",4936,3469
"2753",4937,3469
"2754",4938,3469
"2755",4940,3469
"2756",4941,3469
"2757",4942,3469
"2758",4943,3469
"2759",4944,3469
"2760",4945,3469
"2761",4946,3469
"2762",4947,3469
"2763",4948,3469
"2764",4949,3469
"2765",4950,3469
"2766",4951,3469
"2767",4953,3469
"2768",4954,3469
"2769",4956,3469
"2770",4957,3469
"2771",4958,3469
"2772",4962,3469
"2773",4964,3469
"2774",4965,3469
"2775",4966,3469
"2776",4969,3469
"2777",4970,3469
"2778",4971,3469
"2779",4972,3469
"2780",4973,3469
"2781",4975,3469
"2782",4976,3469
"2783",4982,3469
"2784",4983,3469
"2785",4985,3469
"2786",4992,3469
"2787",4993,3469
"2788",4994,3469
"2789",4995,3469
"2790",4996,3469
"2791",4997,3469
"2792",4998,3469
"2793",4999,3469
"2794",5001,3469
"2795",5002,3469
"2796",5003,3469
"2797",5004,3469
"2798",5005,3469
"2799",5006,3469
"2800",5007,3469
"2801",5009,3469
"2802",5010,3469
"2803",5011,3469
"2804",5013,3469
"2805",5014,3469
"2806",5015,3469
"2807",5017,3469
"2808",5018,3469
"2809",5022,3469
"2810",5023,3469
"2811",5027,3469
"2812",5028,3469
"2813",5029,3469
"2814",5030,3469
"2815",5031,3469
"2816",5034,3469
"2817",5035,3469
"2818",5036,3469
"2819",5038,3469
"2820",5039,3469
"2821",5040,3469
"2822",5041,3469
"2823",5043,3469
"2824",5044,3469
"2825",5045,3469
"2826",5046,3469
"2827",5047,3469
"2828",5049,3469
"2829",5050,3469
"2830",5051,3469
"2831",5053,3469
"2832",5054,3469
"2833",5055,3469
"2834",5056,3469
"2835",5057,3469
"2836",5058,3469
"2837",5061,3469
"2838",5062,3469
"2839",5063,3469
"2840",5066,3469
"2841",5067,3469
"2842",5069,3469
"2843",5071,3469
"2844",5072,3469
"2845",5073,3469
"2846",5074,3469
"2847",5075,3469
"2848",5076,3469
"2849",5077,3469
"2850",5078,3469
"2851",5079,3469
"2852",5080,3469
"2853",5081,3469
"2854",5082,3469
"2855",5083,3469
"2856",5084,3469
"2857",5085,3469
"2858",5086,3469
"2859",5087,3469
"2860",5088,3469
"2861",5090,3469
"2862",5092,3469
"2863",5093,3469
"2864",5094,3469
"2865",5095,3469
"2866",5097,3469
"2867",5098,3469
"2868",5099,3469
"2869",5100,3469
"2870",5104,3469
"2871",5105,3469
"2872",5106,3469
"2873",5107,3469
"2874",5108,3469
"2875",5109,3469
"2876",5110,3469
"2877",5111,3469
"2878",5112,3469
"2879",5113,3469
"2880",5114,3469
"2881",5115,3469
"2882",5116,3469
"2883",5117,3469
"2884",5118,3469
"2885",5119,3469
"2886",5120,3469
"2887",5121,3469
"2888",5122,3469
"2889",5123,3469
"2890",5124,3469
"2891",5125,3469
"2892",5126,3469
"2893",5127,3469
"2894",5128,3469
"2895",5129,3469
"2896",5130,3469
"2897",5132,3469
"2898",5133,3469
"2899",5134,3469
"2900",5135,3469
"2901",5137,3469
"2902",5138,3469
"2903",5139,3469
"2904",5140,3469
"2905",5141,3469
"2906",5142,3469
"2907",5143,3469
"2908",5144,3469
"2909",5145,3469
"2910",5146,3469
"2911",5147,3469
"2912",5148,3469
"2913",5149,3469
"2914",5150,3469
"2915",5151,3469
"2916",5152,3469
"2917",5153,3469
"2918",5154,3469
"2919",5155,3469
"2920",5156,3469
"2921",5157,3469
"2922",5158,3469
"2923",5159,3469
"2924",5161,3469
"2925",5162,3469
"2926",5163,3469
"2927",5167,3469
"2928",5168,3469
"2929",5169,3469
"2930",5170,3469
"2931",5171,3469
"2932",5172,3469
"2933",5174,3469
"2934",5192,3469
"2935",5193,3469
"2936",5194,3469
"2937",5195,3469
"2938",5196,3469
"2939",5197,3469
"2940",5198,3469
"2941",5199,3469
"2942",5200,3469
"2943",5201,3469
"2944",5202,3469
"2945",5203,3469
"2946",5205,3469
"2947",5208,3469
"2948",5212,3469
"2949",5213,3469
"2950",5214,3469
"2951",5217,3469
"2952",5218,3469
"2953",5220,3469
"2954",5223,3469
"2955",5224,3469
"2956",5225,3469
"2957",5226,3469
"2958",5227,3469
"2959",5228,3469
"2960",5229,3469
"2961",5231,3469
"2962",5234,3469
"2963",5235,3469
"2964",5236,3469
"2965",5237,3469
"2966",5238,3469
"2967",5239,3469
"2968",5240,3469
"2969",5242,3469
"2970",5244,3469
"2971",5245,3469
"2972",5247,3469
"2973",5248,3469
"2974",5249,3469
"2975",5250,3469
"2976",5252,3469
"2977",5253,3469
"2978",5254,3469
"2979",5255,3469
"2980",5256,3469
"2981",5257,3469
"2982",5258,3469
"2983",5259,3469
"2984",5260,3469
"2985",5262,3469
"2986",5263,3469
"2987",5264,3469
"2988",5265,3469
"2989",5268,3469
"2990",5269,3469
"2991",5270,3469
"2992",5271,3469
"2993",5274,3469
"2994",5275,3469
"2995",5276,3469
"2996",5281,3469
"2997",5282,3469
"2998",5284,3469
"2999",5285,3469
"3000",5286,3469
"3001",5288,3469
"3002",5290,3469
"3003",5291,3469
"3004",5292,3469
"3005",5293,3469
"3006",5294,3469
"3007",5296,3469
"3008",5297,3469
"3009",5298,3469
"3010",5299,3469
"3011",5302,3469
"3012",5303,3469
"3013",5304,3469
"3014",5306,3469
"3015",5307,3469
"3016",5308,3469
"3017",5309,3469
"3018",5310,3469
"3019",5311,3469
"3020",5312,3469
"3021",5313,3469
"3022",5314,3469
"3023",5315,3469
"3024",5317,3469
"3025",5319,3469
"3026",5321,3469
"3027",5322,3469
"3028",5323,3469
"3029",5324,3469
"3030",5326,3469
"3031",5327,3469
"3032",5328,3469
"3033",5329,3469
"3034",5330,3469
"3035",5332,3469
"3036",5334,3469
"3037",5335,3469
"3038",5336,3469
"3039",5337,3469
"3040",5338,3469
"3041",5339,3469
"3042",5340,3469
"3043",5341,3469
"3044",5342,3469
"3045",5343,3469
"3046",5344,3469
"3047",5345,3469
"3048",5346,3469
"3049",5351,3469
"3050",5353,3469
"3051",5354,3469
"3052",5355,3469
"3053",5356,3469
"3054",5357,3469
"3055",5358,3469
"3056",5359,3469
"3057",5360,3469
"3058",5362,3469
"3059",5365,3469
"3060",5366,3469
"3061",5368,3469
"3062",5369,3469
"3063",5372,3469
"3064",5374,3469
"3065",5375,3469
"3066",5377,3469
"3067",5379,3469
"3068",5380,3469
"3069",5381,3469
"3070",5382,3469
"3071",5383,3469
"3072",5384,3469
"3073",5385,3469
"3074",5386,3469
"3075",5388,3469
"3076",5389,3469
"3077",5391,3469
"3078",5392,3469
"3079",5393,3469
"3080",5394,3469
"3081",5395,3469
"3082",5399,3469
"3083",5400,3469
"3084",5401,3469
"3085",5405,3469
"3086",5406,3469
"3087",5411,3469
"3088",5436,3469
"3089",5437,3469
"3090",5441,3469
"3091",5442,3469
"3092",5443,3469
"3093",5444,3469
"3094",5445,3469
"3095",5446,3469
"3096",5448,3469
"3097",5449,3469
"3098",5451,3469
"3099",5452,3469
"3100",5453,3469
"3101",5455,3469
"3102",5456,3469
"3103",5457,3469
"3104",5458,3469
"3105",5459,3469
"3106",5462,3469
"3107",5463,3469
"3108",5464,3469
"3109",5465,3469
"3110",5466,3469
"3111",5467,3469
"3112",5468,3469
"3113",5471,3469
"3114",5472,3469
"3115",5474,3469
"3116",5475,3469
"3117",5477,3469
"3118",5478,3469
"3119",5479,3469
"3120",5480,3469
"3121",5481,3469
"3122",5482,3469
"3123",5483,3469
"3124",5484,3469
"3125",5485,3469
"3126",5487,3469
"3127",5488,3469
"3128",5490,3469
"3129",5491,3469
"3130",5492,3469
"3131",5493,3469
"3132",5495,3469
"3133",5496,3469
"3134",5497,3469
"3135",5498,3469
"3136",5499,3469
"3137",5503,3469
"3138",5504,3469
"3139",5505,3469
"3140",5507,3469
"3141",5508,3469
"3142",5509,3469
"3143",5510,3469
"3144",5511,3469
"3145",5513,3469
"3146",5514,3469
"3147",5517,3469
"3148",5518,3469
"3149",5519,3469
"3150",5521,3469
"3151",5522,3469
"3152",5525,3469
"3153",5526,3469
"3154",5530,3469
"3155",5531,3469
"3156",5534,3469
"3157",5535,3469
"3158",5537,3469
"3159",5539,3469
"3160",5540,3469
"3161",5541,3469
"3162",5542,3469
"3163",5543,3469
"3164",5544,3469
"3165",5546,3469
"3166",5547,3469
"3167",5552,3469
"3168",5557,3469
"3169",5559,3469
"3170",5560,3469
"3171",5561,3469
"3172",5562,3469
"3173",5563,3469
"3174",5564,3469
"3175",5565,3469
"3176",5566,3469
"3177",5567,3469
"3178",5568,3469
"3179",5569,3469
"3180",5572,3469
"3181",5573,3469
"3182",5574,3469
"3183",5575,3469
"3184",5576,3469
"3185",5577,3469
"3186",5578,3469
"3187",5579,3469
"3188",5580,3469
"3189",5581,3469
"3190",5582,3469
"3191",5583,3469
"3192",5584,3469
"3193",5586,3469
"3194",5587,3469
"3195",5588,3469
"3196",5589,3469
"3197",5590,3469
"3198",5591,3469
"3199",5593,3469
"3200",5594,3469
"3201",5595,3469
"3202",5596,3469
"3203",5597,3469
"3204",5598,3469
"3205",5600,3469
"3206",5601,3469
"3207",5603,3469
"3208",5605,3469
"3209",5606,3469
"3210",5608,3469
"3211",5610,3469
"3212",5612,3469
"3213",5615,3469
"3214",5616,3469
"3215",5617,3469
"3216",5618,3469
"3217",5619,3469
"3218",5620,3469
"3219",5621,3469
"3220",5622,3469
"3221",5623,3469
"3222",5624,3469
"3223",5625,3469
"3224",5626,3469
"3225",5628,3469
"3226",5630,3469
"3227",5631,3469
"3228",5632,3469
"3229",5633,3469
"3230",5634,3469
"3231",5635,3469
"3232",5637,3469
"3233",5638,3469
"3234",5639,3469
"3235",5640,3469
"3236",5641,3469
"3237",5642,3469
"3238",5643,3469
"3239",5644,3469
"3240",5645,3469
"3241",5646,3469
"3242",5647,3469
"3243",5651,3469
"3244",5653,3469
"3245",5656,3469
"3246",5658,3469
"3247",5659,3469
"3248",5660,3469
"3249",5661,3469
"3250",5664,3469
"3251",5665,3469
"3252",5666,3469
"3253",5667,3469
"3254",5668,3469
"3255",5669,3469
"3256",5670,3469
"3257",5671,3469
"3258",5672,3469
"3259",5673,3469
"3260",5674,3469
"3261",5675,3469
"3262",5676,3469
"3263",5677,3469
"3264",5678,3469
"3265",5679,3469
"3266",5680,3469
"3267",5681,3469
"3268",5683,3469
"3269",5685,3469
"3270",5686,3469
"3271",5687,3469
"3272",5688,3469
"3273",5689,3469
"3274",5690,3469
"3275",5691,3469
"3276",5692,3469
"3277",5693,3469
"3278",5694,3469
"3279",5695,3469
"3280",5696,3469
"3281",5698,3469
"3282",5699,3469
"3283",5700,3469
"3284",5701,3469
"3285",5702,3469
"3286",5703,3469
"3287",5704,3469
"3288",5705,3469
"3289",5706,3469
"3290",5707,3469
"3291",5708,3469
"3292",5711,3469
"3293",5712,3469
"3294",5713,3469
"3295",5714,3469
"3296",5716,3469
"3297",5717,3469
"3298",5718,3469
"3299",5719,3469
"3300",5720,3469
"3301",5721,3469
"3302",5722,3469
"3303",5723,3469
"3304",5724,3469
"3305",5725,3469
"3306",5726,3469
"3307",5727,3469
"3308",5728,3469
"3309",5729,3469
"3310",5730,3469
"3311",5731,3469
"3312",5732,3469
"3313",5733,3469
"3314",5734,3469
"3315",5736,3469
"3316",5737,3469
"3317",5740,3469
"3318",5741,3469
"3319",5743,3469
"3320",5750,3469
"3321",5751,3469
"3322",5752,3469
"3323",5753,3469
"3324",5754,3469
"3325",5755,3469
"3326",5756,3469
"3327",5757,3469
"3328",5758,3469
"3329",5759,3469
"3330",5760,3469
"3331",5763,3469
"3332",5764,3469
"3333",5765,3469
"3334",5766,3469
"3335",5767,3469
"3336",5770,3469
"3337",5771,3469
"3338",5773,3469
"3339",5774,3469
"3340",5775,3469
"3341",5776,3469
"3342",5777,3469
"3343",5778,3469
"3344",5779,3469
"3345",5780,3469
"3346",5781,3469
"3347",5782,3469
"3348",5783,3469
"3349",5784,3469
"3350",5785,3469
"3351",5786,3469
"3352",5789,3469
"3353",5790,3469
"3354",5791,3469
"3355",5792,3469
"3356",5793,3469
"3357",5794,3469
"3358",5796,3469
"3359",5797,3469
"3360",5798,3469
"3361",5799,3469
"3362",5800,3469
"3363",5801,3469
"3364",5802,3469
"3365",5804,3469
"3366",5806,3469
"3367",5807,3469
"3368",5809,3469
"3369",5811,3469
"3370",5813,3469
"3371",5814,3469
"3372",5815,3469
"3373",5816,3469
"3374",5817,3469
"3375",5818,3469
"3376",5819,3469
"3377",5820,3469
"3378",5821,3469
"3379",5822,3469
"3380",5823,3469
"3381",5824,3469
"3382",5825,3469
"3383",5826,3469
"3384",5827,3469
"3385",5828,3469
"3386",5829,3469
"3387",5831,3469
"3388",5832,3469
"3389",5833,3469
"3390",5834,3469
"3391",5835,3469
"3392",5836,3469
"3393",5837,3469
"3394",5838,3469
"3395",5839,3469
"3396",5841,3469
"3397",5842,3469
"3398",5843,3469
"3399",5844,3469
"3400",5845,3469
"3401",5846,3469
"3402",5847,3469
"3403",5848,3469
"3404",5849,3469
"3405",5850,3469
"3406",5851,3469
"3407",5852,3469
"3408",5853,3469
"3409",5854,3469
"3410",5855,3469
"3411",5857,3469
"3412",5858,3469
"3413",5859,3469
"3414",5860,3469
"3415",5861,3469
"3416",5862,3469
"3417",5863,3469
"3418",5864,3469
"3419",5865,3469
"3420",5866,3469
"3421",5867,3469
"3422",5868,3469
"3423",5869,3469
"3424",5870,3469
"3425",5871,3469
"3426",5872,3469
"3427",5873,3469
"3428",5875,3469
"3429",5876,3469
"3430",5877,3469
"3431",5879,3469
"3432",5880,3469
"3433",5881,3469
"3434",5882,3469
"3435",5884,3469
"3436",5885,3469
"3437",5886,3469
"3438",5889,3469
"3439",5890,3469
"3440",5891,3469
"3441",5892,3469
"3442",5893,3469
"3443",5894,3469
"3444",5895,3469
"3445",5896,3469
"3446",5897,3469
"3447",5898,3469
"3448",5899,3469
"3449",5900,3469
"3450",5901,3469
"3451",5902,3469
"3452",5903,3469
"3453",5904,3469
"3454",5906,3469
"3455",5907,3469
"3456",5908,3469
"3457",5909,3469
"3458",5910,3469
"3459",5911,3469
"3460",5912,3469
"3461",5913,3469
"3462",5914,3469
"3463",5915,3469
"3464",5916,3469
"3465",5917,3469
"3466",5918,3469
"3467",5920,3469
"3468",5921,3469
"3469",5922,3469
"3470",5923,3469
"3471",149,2322
"3472",118,2312
"3473",157,2298
"3474",121,2286
"3475",116,2272
"3476",179,2272
"3477",161,2270
"3478",159,2255
"3479",112,2254
"3480",130,2252
"3481",167,2245
"3482",513,2239
"3483",195,2231
"3484",182,2220
"3485",170,2218
"3486",67,2211
"3487",115,2206
"3488",134,2199
"3489",234,2197
"3490",166,2181
"3491",165,2179
"3492",103,2177
"3493",277,2177
"3494",99,2175
"3495",43,2172
"3496",180,2171
"3497",48,2168
"3498",132,2163
"3499",151,2163
"3500",208,2154
"3501",1082,2152
"3502",44,2147
"3503",1113,2147
"3504",68,2146
"3505",133,2146
"3506",508,2145
"3507",53,2144
"3508",80,2144
"3509",162,2144
"3510",63,2143
"3511",123,2140
"3512",82,2137
"3513",31,2133
"3514",40,2132
"3515",101,2131
"3516",479,2129
"3517",418,2128
"3518",41,2122
"3519",143,2117
"3520",413,2117
"3521",105,2116
"3522",111,2116
"3523",76,2115
"3524",409,2115
"3525",60,2113
"3526",178,2110
"3527",52,2108
"3528",185,2108
"3529",129,2106
"3530",970,2106
"3531",145,2104
"3532",106,2103
"3533",183,2102
"3534",128,2101
"3535",176,2097
"3536",119,2096
"3537",64,2094
"3538",66,2094
"3539",77,2092
"3540",92,2092
"3541",78,2087
"3542",89,2087
"3543",84,2082
"3544",226,2082
"3545",262,2082
"3546",213,2081
"3547",47,2078
"3548",51,2078
"3549",453,2078
"3550",55,2077
"3551",512,2075
"3552",42,2074
"3553",32,2073
"3554",519,2069
"3555",54,2064
"3556",107,2064
"3557",83,2063
"3558",69,2061
"3559",122,2060
"3560",215,2059
"3561",147,2058
"3562",74,2053
"3563",98,2051
"3564",1145,2050
"3565",97,2049
"3566",75,2048
"3567",638,2047
"3568",1032,2044
"3569",61,2043
"3570",197,2037
"3571",224,2035
"3572",86,2033
"3573",104,2033
"3574",216,2033
"3575",150,2032
"3576",887,2032
"3577",1083,2031
"3578",211,2029
"3579",1373,2020
"3580",153,2016
"3581",1091,2012
"3582",474,2005
"3583",484,2005
"3584",187,2004
"3585",963,2003
"3586",240,2001
"3587",1041,1999
"3588",1048,1997
"3589",193,1993
"3590",125,1992
"3591",158,1987
"3592",1090,1985
"3593",1235,1983
"3594",1047,1982
"3595",221,1981
"3596",501,1981
"3597",482,1980
"3598",1051,1980
"3599",1045,1979
"3600",957,1977
"3601",962,1977
"3602",194,1975
"3603",102,1974
"3604",364,1972
"3605",1059,1972
"3606",1064,1972
"3607",45,1971
"3608",671,1971
"3609",34,1969
"3610",206,1965
"3611",1084,1964
"3612",50,1962
"3613",1044,1961
"3614",1089,1960
"3615",1061,1957
"3616",1185,1957
"3617",192,1956
"3618",73,1955
"3619",1066,1955
"3620",127,1954
"3621",641,1946
"3622",1057,1935
"3623",727,1934
"3624",62,1932
"3625",650,1931
"3626",1087,1931
"3627",1134,1928
"3628",1080,1926
"3629",1,1925
"3630",1386,1925
"3631",507,1922
"3632",1068,1913
"3633",1233,1910
"3634",1086,1909
"3635",481,1908
"3636",110,1903
"3637",1085,1901
"3638",72,1900
"3639",446,1894
"3640",91,1891
"3641",472,1891
"3642",1121,1890
"3643",108,1888
"3644",1284,1888
"3645",1259,1887
"3646",633,1885
"3647",1103,1879
"3648",459,1878
"3649",199,1877
"3650",1147,1875
"3651",437,1874
"3652",59,1870
"3653",646,1870
"3654",762,1870
"3655",269,1867
"3656",672,1867
"3657",448,1866
"3658",1118,1866
"3659",485,1864
"3660",636,1864
"3661",1265,1860
"3662",698,1859
"3663",202,1856
"3664",977,1854
"3665",445,1853
"3666",138,1851
"3667",1264,1849
"3668",1266,1849
"3669",93,1846
"3670",146,1845
"3671",490,1839
"3672",972,1836
"3673",348,1834
"3674",635,1834
"3675",1092,1832
"3676",142,1831
"3677",1023,1831
"3678",1391,1829
"3679",120,1825
"3680",949,1825
"3681",643,1823
"3682",37,1822
"3683",239,1821
"3684",433,1817
"3685",1431,1813
"3686",1088,1810
"3687",1277,1810
"3688",173,1809
"3689",304,1809
"3690",95,1808
"3691",1143,1806
"3692",421,1805
"3693",1213,1804
"3694",14,1799
"3695",386,1798
"3696",117,1797
"3697",673,1796
"3698",852,1794
"3699",476,1786
"3700",363,1784
"3701",471,1783
"3702",1282,1783
"3703",458,1782
"3704",461,1782
"3705",1038,1782
"3706",1063,1782
"3707",1065,1782
"3708",38,1781
"3709",1062,1780
"3710",49,1778
"3711",385,1778
"3712",1058,1777
"3713",361,1776
"3714",1204,1773
"3715",1067,1768
"3716",979,1767
"3717",203,1762
"3718",416,1759
"3719",1166,1759
"3720",426,1758
"3721",544,1757
"3722",246,1756
"3723",345,1756
"3724",398,1756
"3725",1159,1756
"3726",340,1755
"3727",403,1754
"3728",261,1753
"3729",469,1748
"3730",642,1747
"3731",442,1746
"3732",443,1746
"3733",586,1746
"3734",218,1745
"3735",235,1742
"3736",392,1742
"3737",1052,1742
"3738",383,1740
"3739",1353,1735
"3740",353,1734
"3741",391,1730
"3742",135,1727
"3743",137,1727
"3744",914,1725
"3745",378,1724
"3746",263,1721
"3747",1513,1720
"3748",457,1719
"3749",5,1718
"3750",438,1717
"3751",1056,1715
"3752",371,1714
"3753",33,1713
"3754",372,1713
"3755",444,1713
"3756",1053,1713
"3757",375,1711
"3758",81,1708
"3759",595,1706
"3760",890,1705
"3761",1182,1705
"3762",1215,1703
"3763",1502,1702
"3764",432,1700
"3765",1163,1698
"3766",1004,1696
"3767",537,1694
"3768",1117,1692
"3769",441,1691
"3770",603,1690
"3771",1643,1689
"3772",1216,1688
"3773",139,1685
"3774",1102,1685
"3775",1156,1683
"3776",1281,1683
"3777",554,1678
"3778",1221,1677
"3779",346,1673
"3780",1100,1671
"3781",996,1669
"3782",358,1668
"3783",954,1667
"3784",1459,1667
"3785",542,1664
"3786",535,1662
"3787",410,1659
"3788",439,1659
"3789",1206,1657
"3790",343,1656
"3791",536,1656
"3792",1664,1656
"3793",217,1655
"3794",885,1653
"3795",1719,1652
"3796",498,1650
"3797",531,1649
"3798",46,1647
"3799",355,1647
"3800",374,1647
"3801",592,1647
"3802",834,1646
"3803",1294,1646
"3804",354,1643
"3805",411,1636
"3806",171,1634
"3807",172,1631
"3808",1501,1630
"3809",1577,1629
"3810",100,1627
"3811",551,1623
"3812",1399,1622
"3813",480,1619
"3814",564,1617
"3815",365,1615
"3816",1116,1613
"3817",56,1611
"3818",568,1609
"3819",1043,1609
"3820",249,1608
"3821",265,1607
"3822",1445,1596
"3823",543,1595
"3824",2186,1595
"3825",1461,1594
"3826",405,1593
"3827",1479,1591
"3828",401,1590
"3829",352,1588
"3830",1497,1588
"3831",8,1584
"3832",988,1584
"3833",613,1582
"3834",341,1581
"3835",390,1580
"3836",723,1580
"3837",1718,1580
"3838",154,1578
"3839",588,1577
"3840",1495,1575
"3841",163,1569
"3842",1614,1568
"3843",113,1567
"3844",538,1567
"3845",832,1567
"3846",366,1566
"3847",594,1564
"3848",992,1564
"3849",837,1561
"3850",572,1559
"3851",1289,1556
"3852",35,1551
"3853",794,1551
"3854",552,1549
"3855",2457,1544
"3856",415,1543
"3857",362,1542
"3858",562,1540
"3859",1150,1540
"3860",1389,1540
"3861",70,1539
"3862",627,1539
"3863",1485,1538
"3864",434,1534
"3865",109,1532
"3866",367,1531
"3867",406,1530
"3868",492,1530
"3869",661,1528
"3870",1209,1528
"3871",1443,1527
"3872",2547,1526
"3873",2076,1524
"3874",286,1523
"3875",870,1522
"3876",210,1521
"3877",883,1521
"3878",549,1520
"3879",947,1520
"3880",1472,1520
"3881",514,1516
"3882",271,1514
"3883",1211,1514
"3884",260,1511
"3885",370,1510
"3886",965,1510
"3887",1505,1510
"3888",1099,1506
"3889",1506,1506
"3890",1507,1505
"3891",2482,1505
"3892",423,1504
"3893",626,1501
"3894",342,1497
"3895",2036,1494
"3896",407,1490
"3897",1720,1490
"3898",631,1489
"3899",94,1488
"3900",451,1488
"3901",697,1487
"3902",601,1483
"3903",867,1480
"3904",597,1478
"3905",2030,1475
"3906",4,1474
"3907",769,1474
"3908",693,1470
"3909",399,1469
"3910",425,1468
"3911",590,1467
"3912",264,1466
"3913",701,1465
"3914",976,1463
"3915",309,1462
"3916",1120,1461
"3917",6,1460
"3918",994,1458
"3919",1478,1458
"3920",1197,1456
"3921",1677,1456
"3922",2178,1456
"3923",539,1455
"3924",2050,1454
"3925",632,1452
"3926",1193,1450
"3927",1309,1449
"3928",1574,1449
"3929",2042,1448
"3930",1704,1447
"3931",2470,1447
"3932",2242,1446
"3933",724,1445
"3934",589,1444
"3935",784,1444
"3936",236,1440
"3937",584,1440
"3938",2468,1440
"3939",2471,1439
"3940",1174,1431
"3941",2164,1430
"3942",848,1429
"3943",2472,1427
"3944",1382,1426
"3945",251,1423
"3946",1477,1421
"3947",2521,1421
"3948",1950,1419
"3949",1384,1417
"3950",1217,1415
"3951",691,1412
"3952",237,1411
"3953",397,1411
"3954",1172,1409
"3955",583,1408
"3956",2488,1408
"3957",1484,1407
"3958",907,1405
"3959",1724,1404
"3960",344,1401
"3961",2513,1401
"3962",709,1400
"3963",660,1397
"3964",2155,1396
"3965",2344,1396
"3966",2415,1395
"3967",2464,1394
"3968",1054,1391
"3969",561,1390
"3970",3311,1388
"3971",2125,1387
"3972",429,1386
"3973",1672,1385
"3974",2145,1384
"3975",715,1383
"3976",838,1383
"3977",347,1376
"3978",618,1375
"3979",541,1374
"3980",2101,1374
"3981",2503,1374
"3982",2478,1373
"3983",2149,1372
"3984",961,1369
"3985",833,1367
"3986",1074,1367
"3987",274,1365
"3988",1474,1364
"3989",1556,1363
"3990",465,1362
"3991",545,1362
"3992",3301,1362
"3993",1279,1360
"3994",495,1359
"3995",2098,1358
"3996",2473,1357
"3997",3237,1357
"3998",681,1356
"3999",776,1356
"4000",1427,1356
"4001",2517,1356
"4002",609,1355
"4003",668,1355
"4004",1001,1355
"4005",2156,1355
"4006",2085,1352
"4007",242,1351
"4008",402,1351
"4009",1097,1351
"4010",649,1350
"4011",585,1349
"4012",231,1346
"4013",3430,1346
"4014",126,1345
"4015",818,1345
"4016",25,1343
"4017",805,1341
"4018",2245,1339
"4019",486,1338
"4020",738,1338
"4021",960,1337
"4022",2922,1336
"4023",229,1335
"4024",753,1334
"4025",1424,1334
"4026",243,1333
"4027",831,1333
"4028",1578,1333
"4029",491,1331
"4030",2498,1331
"4031",1480,1330
"4032",368,1329
"4033",829,1329
"4034",1435,1329
"4035",1785,1329
"4036",2842,1329
"4037",990,1326
"4038",1162,1325
"4039",1568,1325
"4040",248,1324
"4041",2459,1324
"4042",3431,1324
"4043",621,1321
"4044",1415,1321
"4045",2031,1319
"4046",144,1317
"4047",602,1317
"4048",1126,1317
"4049",1946,1316
"4050",616,1314
"4051",778,1314
"4052",1572,1313
"4053",258,1311
"4054",2959,1311
"4055",2,1310
"4056",1910,1310
"4057",2166,1310
"4058",2104,1307
"4059",777,1306
"4060",1003,1305
"4061",1503,1305
"4062",2372,1304
"4063",360,1302
"4064",758,1302
"4065",2219,1302
"4066",904,1301
"4067",1005,1301
"4068",1363,1301
"4069",523,1299
"4070",3365,1299
"4071",800,1293
"4072",670,1292
"4073",2044,1292
"4074",1129,1291
"4075",1481,1291
"4076",2573,1289
"4077",90,1288
"4078",2205,1286
"4079",1705,1284
"4080",839,1280
"4081",654,1278
"4082",2346,1277
"4083",1107,1275
"4084",1874,1275
"4085",292,1273
"4086",1560,1273
"4087",3362,1273
"4088",3467,1271
"4089",1187,1270
"4090",1192,1269
"4091",3417,1266
"4092",1109,1265
"4093",2394,1264
"4094",356,1263
"4095",268,1262
"4096",1002,1261
"4097",1029,1259
"4098",1498,1259
"4099",2182,1258
"4100",2608,1257
"4101",3356,1256
"4102",560,1255
"4103",2074,1255
"4104",620,1252
"4105",1123,1251
"4106",13,1250
"4107",1270,1249
"4108",2062,1248
"4109",2247,1248
"4110",749,1247
"4111",814,1247
"4112",58,1246
"4113",2591,1246
"4114",255,1245
"4115",2977,1245
"4116",882,1242
"4117",811,1241
"4118",2485,1240
"4119",2161,1236
"4120",2861,1236
"4121",1685,1234
"4122",2248,1234
"4123",828,1233
"4124",986,1233
"4125",1164,1233
"4126",2854,1231
"4127",822,1230
"4128",850,1230
"4129",2870,1229
"4130",742,1228
"4131",1567,1225
"4132",357,1223
"4133",789,1223
"4134",3303,1223
"4135",2484,1222
"4136",3495,1221
"4137",547,1218
"4138",666,1218
"4139",677,1216
"4140",3369,1216
"4141",760,1215
"4142",1561,1215
"4143",1998,1215
"4144",3341,1215
"4145",1906,1214
"4146",743,1213
"4147",2240,1213
"4148",3543,1212
"4149",3569,1212
"4150",1387,1211
"4151",1508,1210
"4152",2223,1210
"4153",768,1209
"4154",2481,1209
"4155",3339,1209
"4156",3367,1208
"4157",608,1206
"4158",1098,1206
"4159",1368,1206
"4160",2578,1204
"4161",3574,1204
"4162",369,1203
"4163",1976,1202
"4164",3053,1200
"4165",2105,1199
"4166",553,1197
"4167",232,1196
"4168",359,1191
"4169",546,1190
"4170",570,1189
"4171",1012,1189
"4172",991,1187
"4173",1040,1186
"4174",3308,1186
"4175",3470,1185
"4176",3500,1185
"4177",653,1184
"4178",3432,1184
"4179",740,1181
"4180",2467,1181
"4181",3300,1181
"4182",3438,1181
"4183",2095,1179
"4184",3658,1179
"4185",1494,1178
"4186",1515,1178
"4187",987,1176
"4188",1960,1174
"4189",468,1173
"4190",3426,1172
"4191",522,1171
"4192",39,1169
"4193",1010,1169
"4194",2461,1169
"4195",2283,1168
"4196",2475,1168
"4197",1965,1167
"4198",1462,1166
"4199",2629,1166
"4200",3302,1165
"4201",909,1164
"4202",3226,1162
"4203",7,1160
"4204",1268,1160
"4205",827,1159
"4206",3355,1159
"4207",3643,1159
"4208",1288,1157
"4209",771,1154
"4210",2476,1154
"4211",1189,1149
"4212",1218,1149
"4213",1203,1147
"4214",1275,1147
"4215",2388,1145
"4216",1223,1144
"4217",1295,1144
"4218",2088,1144
"4219",2120,1144
"4220",797,1143
"4221",582,1141
"4222",688,1141
"4223",256,1138
"4224",2078,1138
"4225",266,1135
"4226",19,1134
"4227",735,1133
"4228",2594,1133
"4229",3893,1132
"4230",579,1129
"4231",515,1128
"4232",1812,1128
"4233",2960,1126
"4234",2386,1124
"4235",257,1121
"4236",2268,1121
"4237",3338,1121
"4238",1488,1120
"4239",2294,1120
"4240",3442,1120
"4241",3616,1120
"4242",879,1117
"4243",2287,1115
"4244",3397,1115
"4245",460,1114
"4246",599,1114
"4247",2236,1113
"4248",114,1112
"4249",952,1109
"4250",757,1108
"4251",559,1107
"4252",676,1107
"4253",1969,1107
"4254",3097,1107
"4255",2061,1106
"4256",1028,1103
"4257",1519,1103
"4258",2648,1103
"4259",3787,1102
"4260",3277,1099
"4261",3317,1099
"4262",1073,1098
"4263",2234,1098
"4264",2093,1097
"4265",591,1096
"4266",478,1095
"4267",1580,1094
"4268",3205,1094
"4269",20,1093
"4270",1895,1093
"4271",2932,1093
"4272",4284,1091
"4273",2293,1088
"4274",953,1086
"4275",815,1085
"4276",254,1084
"4277",2043,1084
"4278",3663,1084
"4279",1178,1083
"4280",1383,1083
"4281",3223,1083
"4282",995,1082
"4283",593,1081
"4284",855,1081
"4285",984,1081
"4286",1605,1081
"4287",2880,1081
"4288",1292,1077
"4289",2171,1077
"4290",533,1076
"4291",2087,1076
"4292",3484,1075
"4293",376,1074
"4294",1873,1072
"4295",2167,1070
"4296",2659,1070
"4297",3458,1069
"4298",449,1068
"4299",250,1067
"4300",1956,1066
"4301",3373,1065
"4302",3509,1065
"4303",656,1064
"4304",5289,1063
"4305",736,1060
"4306",1016,1060
"4307",2334,1060
"4308",3343,1059
"4309",4123,1059
"4310",3891,1058
"4311",3870,1056
"4312",695,1054
"4313",3778,1054
"4314",3959,1054
"4315",4241,1054
"4316",272,1052
"4317",3894,1052
"4318",3627,1051
"4319",1647,1050
"4320",1865,1049
"4321",733,1047
"4322",2259,1046
"4323",840,1045
"4324",2849,1045
"4325",300,1044
"4326",3833,1044
"4327",4442,1044
"4328",494,1043
"4329",296,1041
"4330",2340,1041
"4331",3048,1039
"4332",2298,1037
"4333",659,1035
"4334",2072,1035
"4335",915,1032
"4336",1706,1032
"4337",1738,1029
"4338",2253,1029
"4339",3419,1029
"4340",3646,1029
"4341",675,1028
"4342",278,1027
"4343",1465,1026
"4344",1492,1026
"4345",3459,1023
"4346",321,1022
"4347",325,1022
"4348",2991,1021
"4349",3931,1019
"4350",2250,1018
"4351",2389,1018
"4352",3964,1017
"4353",3739,1014
"4354",756,1013
"4355",1784,1013
"4356",2602,1013
"4357",3475,1013
"4358",177,1011
"4359",1219,1010
"4360",2318,1010
"4361",2135,1009
"4362",3305,1009
"4363",5209,1009
"4364",3476,1007
"4365",3490,1006
"4366",1115,1005
"4367",3681,1005
"4368",4373,1004
"4369",1983,1003
"4370",3219,1002
"4371",1055,1001
"4372",1224,1000
"4373",301,999
"4374",2045,998
"4375",310,997
"4376",276,996
"4377",298,996
"4378",1575,996
"4379",3489,996
"4380",3631,996
"4381",860,995
"4382",3732,995
"4383",3913,995
"4384",3677,994
"4385",3897,994
"4386",2616,993
"4387",3548,993
"4388",4277,992
"4389",5279,992
"4390",290,991
"4391",2063,991
"4392",3528,991
"4393",4239,991
"4394",3346,990
"4395",1403,988
"4396",3885,986
"4397",3220,985
"4398",858,984
"4399",5905,984
"4400",1244,983
"4401",3457,983
"4402",3597,983
"4403",2915,981
"4404",3324,981
"4405",571,980
"4406",774,980
"4407",1263,980
"4408",12,979
"4409",1540,979
"4410",2558,979
"4411",3912,979
"4412",2081,978
"4413",3447,977
"4414",3634,975
"4415",878,973
"4416",1364,973
"4417",3532,973
"4418",3547,973
"4419",4117,973
"4420",3290,972
"4421",682,971
"4422",57,970
"4423",3493,970
"4424",807,968
"4425",2066,968
"4426",2232,968
"4427",2812,968
"4428",3609,968
"4429",1748,967
"4430",2593,967
"4431",2764,967
"4432",3295,967
"4433",3887,967
"4434",21,965
"4435",3474,965
"4436",836,964
"4437",2587,962
"4438",3740,961
"4439",3238,959
"4440",557,957
"4441",2123,957
"4442",2555,957
"4443",798,956
"4444",4126,956
"4445",1661,954
"4446",853,952
"4447",3963,952
"4448",897,951
"4449",3359,951
"4450",4037,951
"4451",721,950
"4452",2057,950
"4453",4118,950
"4454",868,949
"4455",1298,949
"4456",3924,948
"4457",1229,945
"4458",3481,945
"4459",4120,945
"4460",534,943
"4461",3899,943
"4462",2040,942
"4463",3558,942
"4464",3598,942
"4465",1069,941
"4466",737,940
"4467",3546,940
"4468",3592,939
"4469",493,938
"4470",1548,938
"4471",389,937
"4472",2668,936
"4473",704,935
"4474",3617,934
"4475",3888,934
"4476",3534,933
"4477",1222,932
"4478",3478,930
"4479",3642,930
"4480",859,929
"4481",1681,927
"4482",314,926
"4483",2244,926
"4484",2989,926
"4485",5883,926
"4486",610,924
"4487",2811,924
"4488",2070,923
"4489",209,922
"4490",857,922
"4491",2455,922
"4492",3460,921
"4493",3504,920
"4494",328,919
"4495",337,919
"4496",3461,919
"4497",3491,919
"4498",628,917
"4499",645,917
"4500",313,914
"4501",3556,914
"4502",3312,913
"4503",3334,913
"4504",3387,913
"4505",3421,913
"4506",3423,913
"4507",3537,913
"4508",3570,913
"4509",3584,913
"4510",4132,913
"4511",3333,912
"4512",2297,911
"4513",3304,910
"4514",3344,910
"4515",3551,910
"4516",2310,908
"4517",3890,908
"4518",4003,906
"4519",600,905
"4520",1456,905
"4521",3612,905
"4522",3895,905
"4523",1168,904
"4524",3275,904
"4525",997,903
"4526",3593,903
"4527",3541,898
"4528",874,897
"4529",2384,896
"4530",4129,896
"4531",3505,895
"4532",615,894
"4533",2864,894
"4534",253,893
"4535",1369,892
"4536",720,891
"4537",2509,890
"4538",3196,890
"4539",5523,890
"4540",1106,889
"4541",4039,889
"4542",525,888
"4543",3498,886
"4544",4046,885
"4545",4527,885
"4546",2537,884
"4547",2600,884
"4548",2280,883
"4549",2817,883
"4550",3274,882
"4551",4263,882
"4552",1232,881
"4553",324,879
"4554",1628,879
"4555",1943,878
"4556",2540,878
"4557",3409,878
"4558",2830,877
"4559",3791,877
"4560",1476,876
"4561",2110,876
"4562",3184,876
"4563",1225,875
"4564",655,874
"4565",3916,874
"4566",1997,873
"4567",3635,873
"4568",4447,873
"4569",680,872
"4570",4124,872
"4571",2052,870
"4572",3937,870
"4573",4157,870
"4574",5744,869
"4575",9,868
"4576",779,867
"4577",884,865
"4578",3464,864
"4579",3903,864
"4580",4028,864
"4581",4881,863
"4582",5189,862
"4583",710,861
"4584",1202,861
"4585",624,860
"4586",3479,860
"4587",4865,859
"4588",5684,857
"4589",1964,856
"4590",3604,856
"4591",802,855
"4592",2938,854
"4593",3471,854
"4594",3508,854
"4595",4554,854
"4596",22,852
"4597",1549,852
"4598",3693,852
"4599",5267,852
"4600",826,851
"4601",3552,851
"4602",755,850
"4603",3565,850
"4604",2018,849
"4605",1928,848
"4606",3678,848
"4607",4653,848
"4608",3078,846
"4609",3456,846
"4610",1408,845
"4611",3583,845
"4612",3679,843
"4613",2008,842
"4614",3414,842
"4615",3379,840
"4616",3613,840
"4617",3636,840
"4618",3973,840
"4619",3990,840
"4620",3566,839
"4621",4243,839
"4622",652,838
"4623",1148,837
"4624",4455,837
"4625",1698,835
"4626",3361,835
"4627",5207,835
"4628",3415,834
"4629",3436,834
"4630",3446,834
"4631",3448,834
"4632",3482,834
"4633",3492,834
"4634",3538,834
"4635",3549,834
"4636",3550,834
"4637",3564,834
"4638",3575,834
"4639",3614,834
"4640",2487,833
"4641",2005,831
"4642",4122,831
"4643",5272,831
"4644",1868,830
"4645",2157,830
"4646",483,829
"4647",1251,828
"4648",2889,828
"4649",4501,828
"4650",861,826
"4651",1671,826
"4652",3096,826
"4653",3623,826
"4654",2325,822
"4655",2837,821
"4656",1137,820
"4657",1367,820
"4658",2560,820
"4659",1276,819
"4660",1482,819
"4661",2886,819
"4662",2347,818
"4663",4318,818
"4664",3900,817
"4665",3904,817
"4666",3911,817
"4667",993,816
"4668",3659,815
"4669",3943,815
"4670",4006,814
"4671",766,813
"4672",1256,812
"4673",4254,811
"4674",785,808
"4675",2751,808
"4676",3907,808
"4677",1188,807
"4678",819,806
"4679",3910,806
"4680",729,803
"4681",2694,803
"4682",713,801
"4683",2493,800
"4684",612,799
"4685",2502,799
"4686",2780,794
"4687",71,793
"4688",496,791
"4689",2739,790
"4690",2850,790
"4691",2486,787
"4692",899,786
"4693",2795,786
"4694",5215,786
"4695",3649,784
"4696",3889,783
"4697",382,782
"4698",5206,782
"4699",5840,779
"4700",4383,775
"4701",2053,774
"4702",4023,774
"4703",2772,773
"4704",3742,773
"4705",3741,772
"4706",1920,771
"4707",2462,771
"4708",622,770
"4709",896,770
"4710",2315,769
"4711",1290,768
"4712",2538,768
"4713",2640,765
"4714",5216,765
"4715",746,764
"4716",4034,764
"4717",5232,764
"4718",614,763
"4719",2548,763
"4720",4173,763
"4721",2868,762
"4722",2511,759
"4723",3246,759
"4724",2258,758
"4725",2785,757
"4726",3909,757
"4727",747,752
"4728",678,751
"4729",770,749
"4730",2323,748
"4731",2760,747
"4732",2856,747
"4733",2508,746
"4734",2902,746
"4735",4273,745
"4736",3673,744
"4737",339,743
"4738",1195,742
"4739",2913,742
"4740",5210,742
"4741",5173,741
"4742",4245,740
"4743",2851,739
"4744",2730,737
"4745",4197,737
"4746",4453,735
"4747",3664,734
"4748",4007,733
"4749",4050,733
"4750",1656,731
"4751",5788,730
"4752",3898,728
"4753",3995,726
"4754",2636,725
"4755",2726,724
"4756",765,723
"4757",2835,723
"4758",2941,723
"4759",2506,722
"4760",4051,722
"4761",2762,721
"4762",2871,721
"4763",2943,721
"4764",4578,721
"4765",2900,720
"4766",2483,719
"4767",3632,718
"4768",669,716
"4769",763,716
"4770",5830,715
"4771",244,714
"4772",5435,712
"4773",3708,710
"4774",741,709
"4775",5103,709
"4776",705,707
"4777",2825,707
"4778",2881,706
"4779",2771,705
"4780",2773,705
"4781",2781,705
"4782",2782,705
"4783",2802,705
"4784",2910,705
"4785",2914,705
"4786",2876,704
"4787",2896,704
"4788",532,703
"4789",2504,703
"4790",2568,703
"4791",2650,703
"4792",2749,703
"4793",2873,703
"4794",2935,703
"4795",2993,703
"4796",679,701
"4797",792,701
"4798",2536,701
"4799",500,700
"4800",4412,700
"4801",2534,699
"4802",2592,697
"4803",2565,696
"4804",2571,696
"4805",2609,696
"4806",2285,695
"4807",587,694
"4808",630,694
"4809",4193,694
"4810",2246,692
"4811",2048,686
"4812",3922,684
"4813",2099,683
"4814",2276,683
"4815",169,682
"4816",3930,682
"4817",1735,681
"4818",5211,681
"4819",5219,681
"4820",5888,680
"4821",1565,679
"4822",2004,679
"4823",5222,678
"4824",2339,677
"4825",3721,676
"4826",302,675
"4827",4772,675
"4828",1975,674
"4829",5243,674
"4830",4268,673
"4831",728,672
"4832",3719,672
"4833",799,671
"4834",4276,671
"4835",726,670
"4836",2424,670
"4837",4135,667
"4838",5607,667
"4839",4121,666
"4840",5012,666
"4841",124,665
"4842",1250,665
"4843",1703,665
"4844",1161,663
"4845",1818,663
"4846",2908,662
"4847",27,660
"4848",2275,660
"4849",4726,660
"4850",5856,659
"4851",5287,658
"4852",2942,657
"4853",812,656
"4854",3986,655
"4855",823,653
"4856",1490,653
"4857",2664,653
"4858",5805,652
"4859",1194,651
"4860",4266,651
"4861",4758,650
"4862",4980,650
"4863",1901,648
"4864",4621,647
"4865",684,646
"4866",898,646
"4867",2632,645
"4868",2634,645
"4869",2680,645
"4870",3192,644
"4871",4203,644
"4872",4279,644
"4873",1491,643
"4874",3665,642
"4875",4217,642
"4876",1260,641
"4877",2885,641
"4878",4557,641
"4879",2646,639
"4880",2527,638
"4881",275,637
"4882",3690,637
"4883",3,636
"4884",703,636
"4885",2496,635
"4886",2661,635
"4887",2679,635
"4888",2972,635
"4889",2994,635
"4890",5803,631
"4891",497,630
"4892",3104,630
"4893",745,629
"4894",1272,629
"4895",1128,627
"4896",714,624
"4897",3884,624
"4898",3892,624
"4899",4499,623
"4900",5261,623
"4901",247,622
"4902",436,622
"4903",4404,622
"4904",5233,622
"4905",1081,621
"4906",3703,621
"4907",5246,618
"4908",3809,617
"4909",4384,617
"4910",667,615
"4911",3672,613
"4912",3806,612
"4913",5795,612
"4914",786,611
"4915",3075,611
"4916",3221,610
"4917",4212,609
"4918",5787,609
"4919",5808,609
"4920",5810,609
"4921",5887,609
"4922",877,606
"4923",767,602
"4924",5278,602
"4925",2950,600
"4926",722,599
"4927",1385,598
"4928",2407,598
"4929",5221,598
"4930",5230,598
"4931",5241,598
"4932",5251,598
"4933",5266,598
"4934",5277,598
"4935",5280,598
"4936",5283,598
"4937",5295,598
"4938",5300,598
"4939",5301,598
"4940",5305,598
"4941",36,596
"4942",3030,595
"4943",3217,593
"4944",2454,592
"4945",793,591
"4946",2402,588
"4947",3803,585
"4948",5524,585
"4949",803,584
"4950",804,584
"4951",808,584
"4952",809,584
"4953",813,584
"4954",4040,581
"4955",3201,580
"4956",4001,580
"4957",796,578
"4958",772,577
"4959",734,576
"4960",4262,575
"4961",751,573
"4962",810,573
"4963",817,573
"4964",3711,573
"4965",3917,573
"4966",3915,572
"4967",3923,572
"4968",3928,572
"4969",3932,572
"4970",3935,572
"4971",3936,572
"4972",4031,572
"4973",781,570
"4974",3817,564
"4975",3837,564
"4976",5204,563
"4977",3738,562
"4978",1393,561
"4979",3821,560
"4980",5042,559
"4981",1261,558
"4982",3694,557
"4983",2251,556
"4984",1637,554
"4985",1262,552
"4986",1649,551
"4987",1739,551
"4988",2349,543
"4989",5397,543
"4990",1248,541
"4991",1253,541
"4992",1254,541
"4993",1911,539
"4994",1632,537
"4995",1727,537
"4996",5136,536
"4997",1245,535
"4998",565,532
"4999",4625,532
"5000",596,530
"5001",1157,529
"5002",3086,528
"5003",782,526
"5004",3816,526
"5005",29,525
"5006",540,525
"5007",1931,524
"5008",5048,524
"5009",5333,524
"5010",717,523
"5011",2326,523
"5012",1663,521
"5013",1039,520
"5014",4571,520
"5015",3236,519
"5016",5059,517
"5017",623,515
"5018",2816,515
"5019",3775,514
"5020",3811,514
"5021",3848,514
"5022",315,513
"5023",906,513
"5024",5089,513
"5025",791,511
"5026",1093,510
"5027",5052,508
"5028",1014,504
"5029",1886,503
"5030",1594,501
"5031",96,500
"5032",732,500
"5033",1611,499
"5034",824,498
"5035",3092,496
"5036",5183,495
"5037",1867,494
"5038",5390,493
"5039",687,492
"5040",3224,492
"5041",4721,492
"5042",4364,491
"5043",1712,490
"5044",4537,490
"5045",4538,490
"5046",4716,490
"5047",5096,490
"5048",700,487
"5049",4979,485
"5050",5033,484
"5051",3233,481
"5052",4058,481
"5053",4419,481
"5054",4757,480
"5055",2022,477
"5056",4399,477
"5057",2767,475
"5058",5186,475
"5059",1582,474
"5060",3662,474
"5061",3702,474
"5062",4393,473
"5063",581,472
"5064",5184,471
"5065",1682,470
"5066",658,469
"5067",2013,469
"5068",730,468
"5069",5101,466
"5070",5102,466
"5071",1586,465
"5072",3036,465
"5073",2106,463
"5074",4387,463
"5075",326,462
"5076",4622,462
"5077",5191,462
"5078",716,459
"5079",1608,458
"5080",3101,458
"5081",4328,458
"5082",3021,455
"5083",3041,455
"5084",3046,455
"5085",3050,455
"5086",3051,455
"5087",3057,455
"5088",3062,455
"5089",3065,455
"5090",3069,455
"5091",3084,455
"5092",3093,455
"5093",3094,455
"5094",3107,455
"5095",4388,453
"5096",4389,453
"5097",1438,452
"5098",2418,451
"5099",2214,449
"5100",4290,449
"5101",2235,448
"5102",2241,448
"5103",3279,447
"5104",4396,447
"5105",820,446
"5106",2249,444
"5107",4504,443
"5108",578,442
"5109",2799,442
"5110",871,440
"5111",2408,440
"5112",5715,440
"5113",744,439
"5114",1866,438
"5115",1871,438
"5116",2014,438
"5117",4740,438
"5118",4815,438
"5119",2308,437
"5120",5185,437
"5121",5187,437
"5122",5188,437
"5123",5190,437
"5124",1987,434
"5125",2199,434
"5126",2206,434
"5127",2238,434
"5128",2267,434
"5129",2289,434
"5130",2296,434
"5131",2302,434
"5132",2311,434
"5133",617,433
"5134",2427,432
"5135",662,431
"5136",806,431
"5137",689,429
"5138",764,429
"5139",5506,429
"5140",5611,429
"5141",5016,428
"5142",5553,428
"5143",527,426
"5144",1876,425
"5145",4841,424
"5146",5609,424
"5147",607,423
"5148",625,422
"5149",322,421
"5150",555,421
"5151",908,421
"5152",1452,421
"5153",5613,421
"5154",5614,421
"5155",5627,421
"5156",5629,421
"5157",327,420
"5158",4880,420
"5159",706,419
"5160",1388,416
"5161",3866,415
"5162",5709,415
"5163",5710,415
"5164",5165,414
"5165",4116,413
"5166",1959,412
"5167",788,411
"5168",1228,409
"5169",1913,409
"5170",3255,409
"5171",2419,407
"5172",3199,406
"5173",1779,404
"5174",4759,404
"5175",1879,403
"5176",2831,403
"5177",4756,402
"5178",775,401
"5179",2331,400
"5180",750,399
"5181",761,399
"5182",816,399
"5183",1897,399
"5184",5131,399
"5185",5164,399
"5186",900,397
"5187",790,396
"5188",651,395
"5189",759,395
"5190",825,395
"5191",1786,395
"5192",1787,395
"5193",1788,395
"5194",1789,395
"5195",1790,395
"5196",1791,395
"5197",1792,395
"5198",1793,395
"5199",1794,395
"5200",1795,395
"5201",1796,395
"5202",1797,395
"5203",1798,395
"5204",1799,395
"5205",1800,395
"5206",1801,395
"5207",1802,395
"5208",1803,395
"5209",1804,395
"5210",1805,395
"5211",1806,395
"5212",1807,395
"5213",1808,395
"5214",1809,395
"5215",1810,395
"5216",1811,395
"5217",1813,395
"5218",1814,395
"5219",1815,395
"5220",1816,395
"5221",1817,395
"5222",1819,395
"5223",1820,395
"5224",1821,395
"5225",1822,395
"5226",1823,395
"5227",1824,395
"5228",1825,395
"5229",1826,395
"5230",1827,395
"5231",1828,395
"5232",1829,395
"5233",1830,395
"5234",1831,395
"5235",1832,395
"5236",1833,395
"5237",1834,395
"5238",1835,395
"5239",1836,395
"5240",1837,395
"5241",1838,395
"5242",1839,395
"5243",1840,395
"5244",1841,395
"5245",1842,395
"5246",1843,395
"5247",1844,395
"5248",1845,395
"5249",1846,395
"5250",1847,395
"5251",1848,395
"5252",1849,395
"5253",1850,395
"5254",1851,395
"5255",1852,395
"5256",1853,395
"5257",1854,395
"5258",1855,395
"5259",1856,395
"5260",1857,395
"5261",1858,395
"5262",1859,395
"5263",1860,395
"5264",1861,395
"5265",1862,395
"5266",1863,395
"5267",1864,395
"5268",1869,395
"5269",1877,395
"5270",1878,395
"5271",1882,395
"5272",1883,395
"5273",1884,395
"5274",1885,395
"5275",1888,395
"5276",1908,395
"5277",1909,395
"5278",1912,395
"5279",1918,395
"5280",1925,395
"5281",1932,395
"5282",1944,395
"5283",1970,395
"5284",1971,395
"5285",1977,395
"5286",1979,395
"5287",1989,395
"5288",2002,395
"5289",2021,395
"5290",3298,395
"5291",683,394
"5292",5025,393
"5293",2354,392
"5294",5761,391
"5295",692,389
"5296",821,389
"5297",1239,389
"5298",5060,387
"5299",5091,386
"5300",718,385
"5301",719,384
"5302",4341,384
"5303",307,383
"5304",293,382
"5305",665,381
"5306",580,380
"5307",1432,380
"5308",1441,380
"5309",4047,379
"5310",787,378
"5311",5070,378
"5312",320,377
"5313",329,377
"5314",333,376
"5315",338,376
"5316",748,376
"5317",316,375
"5318",318,375
"5319",323,375
"5320",331,375
"5321",336,375
"5322",4844,375
"5323",708,373
"5324",283,372
"5325",284,372
"5326",287,372
"5327",305,372
"5328",308,372
"5329",3165,372
"5330",558,371
"5331",575,371
"5332",648,371
"5333",690,371
"5334",707,371
"5335",739,371
"5336",752,371
"5337",780,371
"5338",306,370
"5339",334,370
"5340",5748,369
"5341",3288,368
"5342",3867,368
"5343",3868,368
"5344",1707,367
"5345",4768,367
"5346",1499,366
"5347",4907,366
"5348",282,365
"5349",335,365
"5350",311,363
"5351",4346,359
"5352",5812,359
"5353",5176,358
"5354",1230,356
"5355",1447,355
"5356",1618,353
"5357",5555,352
"5358",3244,351
"5359",3247,351
"5360",3248,351
"5361",3268,351
"5362",1199,346
"5363",1237,346
"5364",956,342
"5365",4533,342
"5366",5349,342
"5367",3265,341
"5368",4739,341
"5369",4749,341
"5370",4751,341
"5371",4754,341
"5372",4516,339
"5373",5745,339
"5374",3284,338
"5375",3293,337
"5376",912,332
"5377",3258,332
"5378",3289,326
"5379",5697,322
"5380",3832,321
"5381",1539,319
"5382",4904,319
"5383",4905,319
"5384",4918,319
"5385",4939,319
"5386",5512,317
"5387",4800,314
"5388",4803,314
"5389",5538,311
"5390",1711,306
"5391",1715,306
"5392",1722,306
"5393",1734,306
"5394",1736,306
"5395",1737,306
"5396",1740,306
"5397",1742,306
"5398",1744,306
"5399",1757,306
"5400",1763,306
"5401",1771,306
"5402",1774,306
"5403",1777,306
"5404",1778,306
"5405",4978,306
"5406",4981,306
"5407",4984,306
"5408",4712,302
"5409",5735,302
"5410",5738,302
"5411",5739,302
"5412",5742,302
"5413",4359,301
"5414",1954,299
"5415",4507,298
"5416",4510,298
"5417",4518,298
"5418",4521,298
"5419",1101,297
"5420",2572,295
"5421",1483,293
"5422",5545,293
"5423",5548,293
"5424",5549,293
"5425",5550,293
"5426",5551,293
"5427",5554,293
"5428",5556,293
"5429",5558,293
"5430",5570,293
"5431",5571,293
"5432",5585,293
"5433",5592,293
"5434",5599,293
"5435",5602,293
"5436",5604,293
"5437",5370,289
"5438",1060,286
"5439",5037,285
"5440",946,284
"5441",1354,284
"5442",4236,284
"5443",3877,281
"5444",4595,279
"5445",4614,279
"5446",3278,275
"5447",5528,274
"5448",3455,273
"5449",985,270
"5450",1420,268
"5451",5024,268
"5452",5026,268
"5453",1581,267
"5454",1596,266
"5455",1597,266
"5456",1600,266
"5457",1604,266
"5458",1609,266
"5459",1620,266
"5460",1622,266
"5461",4226,266
"5462",350,263
"5463",1650,263
"5464",1651,263
"5465",1652,263
"5466",1653,263
"5467",1654,263
"5468",1655,263
"5469",1660,263
"5470",1666,263
"5471",1667,263
"5472",1668,263
"5473",1669,263
"5474",1670,263
"5475",1674,263
"5476",1675,263
"5477",1676,263
"5478",1679,263
"5479",1683,263
"5480",1689,263
"5481",1693,263
"5482",3276,263
"5483",5515,263
"5484",1381,258
"5485",1390,258
"5486",1394,258
"5487",1396,258
"5488",1413,258
"5489",1416,258
"5490",1419,258
"5491",1426,258
"5492",1434,258
"5493",1436,258
"5494",1440,258
"5495",1451,258
"5496",1571,254
"5497",384,249
"5498",5348,249
"5499",5350,249
"5500",5352,249
"5501",5361,249
"5502",5363,249
"5503",5364,249
"5504",5367,249
"5505",5371,249
"5506",5373,249
"5507",5376,249
"5508",5378,249
"5509",5387,249
"5510",5396,249
"5511",5398,249
"5512",1105,247
"5513",967,246
"5514",1201,244
"5515",959,237
"5516",5636,234
"5517",4225,232
"5518",5662,229
"5519",3066,227
"5520",1114,225
"5521",1125,225
"5522",1136,225
"5523",1140,225
"5524",4624,225
"5525",4628,225
"5526",4629,225
"5527",4660,225
"5528",4671,225
"5529",4681,225
"5530",4682,225
"5531",4692,225
"5532",4693,225
"5533",4696,225
"5534",1759,220
"5535",4952,219
"5536",4955,218
"5537",4959,218
"5538",4961,218
"5539",4963,218
"5540",4967,218
"5541",4968,218
"5542",4974,218
"5543",4977,218
"5544",4325,216
"5545",4326,216
"5546",4329,215
"5547",2944,214
"5548",4019,214
"5549",4495,214
"5550",5430,210
"5551",5648,207
"5552",3875,204
"5553",1974,202
"5554",983,192
"5555",4798,191
"5556",4989,189
"5557",427,187
"5558",1130,184
"5559",2882,179
"5560",4986,178
"5561",4987,178
"5562",4988,178
"5563",4990,178
"5564",5000,178
"5565",5008,178
"5566",5180,177
"5567",5181,177
"5568",5182,177
"5569",2312,176
"5570",2313,176
"5571",2319,176
"5572",4840,176
"5573",4843,176
"5574",528,175
"5575",851,175
"5576",470,173
"5577",225,172
"5578",4201,172
"5579",1167,170
"5580",5316,167
"5581",3166,164
"5582",4054,164
"5583",5919,163
"5584",200,162
"5585",393,161
"5586",3704,160
"5587",895,159
"5588",3164,157
"5589",3169,157
"5590",2869,156
"5591",24,155
"5592",4795,155
"5593",4796,155
"5594",4806,155
"5595",4807,155
"5596",4808,155
"5597",4812,155
"5598",3705,154
"5599",5450,154
"5600",377,152
"5601",400,152
"5602",477,152
"5603",5500,148
"5604",5501,148
"5605",288,146
"5606",2986,145
"5607",5403,143
"5608",26,140
"5609",5415,137
"5610",4291,135
"5611",23,134
"5612",5746,134
"5613",5019,132
"5614",245,131
"5615",5747,129
"5616",5460,128
"5617",3853,126
"5618",5166,123
"5619",487,121
"5620",574,121
"5621",1208,121
"5622",1520,121
"5623",1610,121
"5624",2376,121
"5625",3960,121
"5626",4302,121
"5627",4697,121
"5628",5414,121
"5629",5416,121
"5630",5417,121
"5631",5418,121
"5632",5419,121
"5633",5420,121
"5634",5421,121
"5635",5422,121
"5636",5423,121
"5637",5424,121
"5638",5425,121
"5639",5426,121
"5640",5427,121
"5641",5428,121
"5642",5429,121
"5643",5431,121
"5644",5432,121
"5645",5433,121
"5646",5434,121
"5647",5438,121
"5648",5439,121
"5649",5440,121
"5650",5447,121
"5651",5461,121
"5652",5469,121
"5653",5470,121
"5654",5473,121
"5655",5476,121
"5656",5486,121
"5657",5489,121
"5658",862,118
"5659",1307,117
"5660",1366,115
"5661",1370,115
"5662",5020,113
"5663",5874,113
"5664",1543,112
"5665",5032,109
"5666",881,108
"5667",4500,106
"5668",2252,105
"5669",5762,105
"5670",4303,104
"5671",4304,104
"5672",4308,104
"5673",901,103
"5674",5318,103
"5675",5320,103
"5676",5325,103
"5677",5068,102
"5678",2905,100
"5679",4065,100
"5680",5749,99
"5681",5768,99
"5682",5769,99
"5683",5772,99
"5684",910,98
"5685",4933,97
"5686",1006,94
"5687",5160,94
"5688",4819,93
"5689",4820,93
"5690",902,92
"5691",903,92
"5692",905,92
"5693",911,92
"5694",913,92
"5695",916,92
"5696",917,92
"5697",918,92
"5698",919,92
"5699",920,92
"5700",921,92
"5701",922,92
"5702",923,92
"5703",924,92
"5704",925,92
"5705",926,92
"5706",927,92
"5707",928,92
"5708",929,92
"5709",930,92
"5710",931,92
"5711",932,92
"5712",933,92
"5713",934,92
"5714",935,92
"5715",936,92
"5716",937,92
"5717",938,92
"5718",939,92
"5719",942,92
"5720",943,92
"5721",944,92
"5722",945,92
"5723",3542,90
"5724",5516,90
"5725",5520,90
"5726",4704,88
"5727",5878,87
"5728",3507,86
"5729",4075,86
"5730",4076,86
"5731",4085,86
"5732",2122,81
"5733",1528,76
"5734",4519,76
"5735",3477,74
"5736",4366,72
"5737",419,69
"5738",4705,68
"5739",4706,68
"5740",4710,68
"5741",4714,68
"5742",5021,61
"5743",1927,59
"5744",5347,59
"5745",1299,58
"5746",1310,58
"5747",1312,58
"5748",1313,58
"5749",1352,58
"5750",520,57
"5751",548,57
"5752",1599,57
"5753",3872,57
"5754",5402,57
"5755",5404,57
"5756",5407,57
"5757",5408,57
"5758",5409,57
"5759",5410,57
"5760",5412,57
"5761",5413,57
"5762",5649,57
"5763",5650,57
"5764",5652,57
"5765",5654,57
"5766",5655,57
"5767",5657,57
"5768",3625,56
"5769",3879,56
"5770",3880,56
"5771",4848,56
"5772",4849,56
"5773",4850,56
"5774",4851,56
"5775",4852,56
"5776",4853,56
"5777",4854,56
"5778",4855,56
"5779",4856,56
"5780",4857,56
"5781",4858,56
"5782",4862,56
"5783",5454,56
"5784",1372,50
"5785",2635,50
"5786",3112,50
"5787",3113,50
"5788",3116,50
"5789",3117,50
"5790",3118,50
"5791",3119,50
"5792",3120,50
"5793",3122,50
"5794",3125,50
"5795",3126,50
"5796",3128,50
"5797",3130,50
"5798",3132,50
"5799",3133,50
"5800",3134,50
"5801",3139,50
"5802",3496,50
"5803",3834,47
"5804",285,46
"5805",289,46
"5806",291,46
"5807",319,46
"5808",330,46
"5809",2059,45
"5810",5533,45
"5811",1544,44
"5812",273,41
"5813",279,41
"5814",280,41
"5815",281,41
"5816",2654,40
"5817",1026,37
"5818",4367,36
"5819",5527,36
"5820",5529,36
"5821",856,35
"5822",1036,34
"5823",5536,34
"5824",1696,33
"5825",1697,33
"5826",4309,33
"5827",4310,33
"5828",4311,33
"5829",4315,33
"5830",4316,33
"5831",2995,30
"5832",2996,30
"5833",2997,30
"5834",2998,30
"5835",2999,30
"5836",3000,30
"5837",3001,30
"5838",3002,30
"5839",3003,30
"5840",3004,30
"5841",3005,30
"5842",3006,30
"5843",3007,30
"5844",3008,30
"5845",3009,30
"5846",3010,30
"5847",3011,30
"5848",3012,30
"5849",3013,30
"5850",3014,30
"5851",3828,30
"5852",5175,30
"5853",5177,30
"5854",5178,30
"5855",5179,30
"5856",5331,30
"5857",3150,29
"5858",3151,29
"5859",3152,29
"5860",3153,29
"5861",3154,29
"5862",3155,29
"5863",3156,29
"5864",3157,29
"5865",3158,29
"5866",3159,29
"5867",1526,28
"5868",1527,28
"5869",1529,28
"5870",1530,28
"5871",4425,28
"5872",4434,27
"5873",2411,25
"5874",4829,25
"5875",864,24
"5876",865,24
"5877",866,24
"5878",4886,20
"5879",4911,20
"5880",4960,15
"5881",5273,15
"5882",11,14
"5883",16,14
"5884",17,14
"5885",4055,14
"5886",4056,14
"5887",892,13
"5888",2188,12
"5889",30,11
"5890",1903,11
"5891",891,10
"5892",1875,10
"5893",4426,10
"5894",4427,10
"5895",3878,9
"5896",5494,9
"5897",5502,9
"5898",2985,8
"5899",4883,8
"5900",4884,8
"5901",4885,8
"5902",4887,8
"5903",4888,8
"5904",4889,8
"5905",5532,8
"5906",241,6
"5907",3037,6
"5908",4636,6
"5909",4847,6
"5910",1535,4
"5911",1536,4
"5912",3586,4
"5913",1896,3
"5914",4403,3
"5915",1995,2
"5916",2100,2
"5917",5682,2
"5918",5064,1
"5919",5065,1
"5920",5663,1
"5921",2121,0
"5922",2890,0
"5923",4991,0
