,COM_DEV_AUTH_3M,COM_DEV_RESP_TIME_MED_3M,COM_DEV_VOL_3M,COM_DEV_SUBJ_3M,COM_USR_AUTH_3M,COM_USR_RESP_TIME_MED_3M,COM_USR_RESP_VOL_3M,COM_USR_SUBJ_3M,ELOC,FILE,FUNC,NCC,SLOC,VG,SCM_FIXES_3M,SCM_COMMITS_3M,SCM_COMMITTERS_3M,SCM_COMMITS_FILES_3M,AUTH_3M_DEV_TIMES_USR,TIME_3M_DEV_TIMES_USR,SUBJ_3M_DEV_TIMES_USR,VOL_3M_DEV_TIMES_USR
1,6,26592,33,3,0,0,0,0,2969,44,337,3280,3852,780,1,8,3,95,0,0,0,0
2,20,26592,66,3,0,0,0,0,2951,43,305,3145,3809,758,1,13,4,107,0,0,0,0
3,27,26949.5,150,8,0,0,0,0,2365,39,249,1961,2956,619,3,33,5,140,0,0,0,0
4,39,27307,234,12,0,0,0,0,2793,40,278,2221,3529,783,5,46,6,158,0,0,0,0
5,45,27307,294,14,0,0,0,0,3725,51,391,3007,4689,1063,9,62,6,224,0,0,0,0
6,57,28110,341,21,0,0,0,0,3781,51,403,3080,4758,1076,9,65,6,230,0,0,0,0
7,70,24884,466,39,0,0,0,0,3838,51,412,3185,4830,1097,14,77,6,255,0,0,0,0
8,78,23481,614,63,0,0,0,0,3831,51,413,3189,4821,1100,18,84,7,263,0,0,0,0
9,81,23481,643,65,0,0,0,0,3831,51,413,3189,4821,1100,18,84,7,263,0,0,0,0
10,90,23189,697,70,0,0,0,0,4196,54,466,3328,5274,1229,21,93,9,284,0,0,0,0
11,96,24182.5,755,72,0,0,0,0,4218,55,470,3351,5304,1237,21,95,9,288,0,0,0,0
12,109,24884,830,77,0,0,0,0,4245,55,472,3378,5337,1245,21,103,9,299,0,0,0,0
13,119,24939,935,84,0,0,0,0,4245,55,472,3378,5337,1245,21,103,9,299,0,0,0,0
14,125,27307,945,84,0,0,0,0,4246,55,472,3378,5338,1245,20,96,8,205,0,0,0,0
15,131,24939,1084,88,0,0,0,0,4246,55,472,3378,5338,1245,19,91,8,191,0,0,0,0
16,137,24911.5,1025,87,0,0,0,0,4277,53,502,3470,5402,1279,20,80,9,185,0,0,0,0
17,142,24939,1015,93,0,0,0,0,4277,53,502,3470,5402,1279,17,65,9,163,0,0,0,0
18,153,27393.5,1012,101,0,0,0,0,4280,53,502,3470,5405,1279,14,51,9,101,0,0,0,0
19,158,24911.5,1063,109,0,0,0,0,4307,53,503,3486,5436,1285,15,51,9,100,0,0,0,0
20,169,28328,1042,107,0,0,0,0,4469,55,510,3562,5637,1323,12,45,9,85,0,0,0,0
21,169,28544,1000,102,0,0,0,0,4469,55,510,3562,5637,1323,8,40,7,79,0,0,0,0
22,183,28180.5,1053,112,1,0,0,0,4469,55,510,3562,5637,1323,8,40,7,79,183,0,0,0
23,204,28760,1195,163,1,0,0,0,4573,56,519,3637,5772,1354,8,40,6,73,204,0,0,0
24,238,31602,1376,215,1,0,0,0,5259,66,622,4318,6656,1552,12,57,7,114,238,0,0,0
25,255,29835,1593,278,1,0,0,0,5516,69,653,4540,6997,1627,15,72,7,158,255,0,0,0
26,269,29398,1791,325,1,0,0,0,6219,76,742,5084,7916,1828,18,98,7,253,269,0,0,0
27,291,29420.5,2062,369,1,0,0,0,7646,87,876,5786,9671,2149,23,138,7,359,291,0,0,0
28,310,29626,2259,430,1,0,0,0,9404,118,1116,7386,11880,2623,26,171,7,473,310,0,0,0
29,323,29444,2648,492,59,29166,31,28,10365,124,1280,8469,13260,2912,31,232,6,626,19057,858763704,13776,82088
30,325,29420.5,2717,495,93,27219,56,50,10775,127,1330,8949,13773,2998,35,264,6,700,30225,800796589.5,24750,152152
31,330,29660,2759,508,118,29166,74,67,11531,131,1421,9829,14907,3247,33,265,6,708,38940,865063560,34036,204166
32,321,29712,2676,496,133,29482,82,75,11596,131,1426,9878,14990,3265,33,266,6,712,42693,875969184,37200,219432
33,321,29712,2639,483,155,29482,97,88,11809,133,1444,10040,15240,3307,35,280,6,742,49755,875969184,42504,255983
34,320,29825.5,2730,492,180,30027,115,103,12608,141,1497,10550,16226,3462,41,307,6,824,57600,895570288.5,50676,313950
35,308,29590,2723,463,203,29324,138,125,13087,146,1549,10853,16849,3604,45,322,6,891,62524,867697160,57875,375774
36,308,29566.5,2764,432,238,29482,160,143,13793,168,1713,11365,17820,3869,47,327,6,940,73304,871679553,61776,442240
37,298,30077,2681,395,260,29166,185,161,14047,168,1746,11722,18195,3942,48,317,7,917,77480,877225782,63595,495985
38,290,31866,2595,351,295,27219,216,184,14445,171,1792,12073,18703,4069,52,311,6,872,85550,867360654,64584,560520
39,280,31287.5,2471,323,337,28423.5,254,216,14573,171,1814,12204,18878,4112,50,300,6,811,94360,889300256.3,69768,627634
40,269,31478.5,2286,277,386,26814.5,313,268,14564,171,1809,12152,18864,4113,49,276,6,700,103834,844080238.3,74236,715518
41,278,33232,2269,265,423,26968,350,298,15467,192,1929,12960,20078,4374,50,268,6,686,117594,896200576,78970,794150
42,272,35106.5,2266,268,437,26556.5,377,316,16767,233,2106,13822,21737,4664,49,248,4,713,118864,932305767.3,84688,854282
43,269,35265,2347,278,446,26556.5,383,320,18835,268,2385,16114,24406,5181,47,238,5,776,119974,936514972.5,88960,898901
44,276,30609,2565,316,463,26709.5,399,333,19896,289,2517,17172,25739,5424,51,269,5,918,127788,817551085.5,105228,1023435
45,283,30609,2700,338,477,27437,415,342,20200,293,2557,17317,26114,5485,55,297,7,1068,134991,839819133,115596,1120500
46,300,30400.5,2909,378,486,26863,424,347,23278,382,2951,21819,30393,6169,58,321,7,1245,145800,816648631.5,131166,1233416
47,300,30400.5,3142,426,492,27970.5,434,354,24569,399,3098,23303,32103,6493,61,347,8,1414,147600,850317185.3,150804,1363628
48,291,32762,3207,459,503,28562,446,364,26654,449,3437,25626,34921,7044,58,351,7,1515,146373,935748244,167076,1430322
49,291,30225,3252,484,509,28035,441,361,26755,449,3462,25789,35062,7081,53,335,7,1541,148119,847357875,174724,1434132
50,279,30443,3134,480,516,30551.5,428,359,26768,449,3462,25798,35076,7085,51,326,8,1528,143964,930079314.5,172320,1341352
51,288,32260,3156,514,521,31214,431,361,27063,452,3477,25894,35380,7126,54,339,8,1923,150048,1006963640,185554,1360236
52,292,31976,3244,551,523,31733.5,455,380,29016,486,3711,27362,37822,7549,58,344,8,2017,152716,1014710396,209380,1476020
53,294,31205,3498,598,501,32805,411,344,29637,501,3811,27842,38640,7718,67,373,9,2096,147294,1023680025,205712,1437678
54,299,31224,3524,594,497,33924,382,324,29674,503,3819,27850,38688,7720,70,391,11,2126,148603,1059242976,192456,1346168
55,307,31202,3721,607,481,35144,346,297,30663,510,3933,28620,39958,7976,76,423,11,2129,147667,1096563088,180279,1287466
56,317,31205,3810,629,478,31617,362,310,30689,510,3934,28637,39986,7979,75,419,11,2050,151526,986608485,194990,1379220
57,308,32732,3718,587,486,30334.5,359,309,31333,515,4006,29267,40772,8129,68,396,11,2104,149688,992908854,181383,1334762
58,322,32797,3771,587,524,29313,375,328,31671,521,4062,29976,41214,8248,68,374,11,1918,168728,961378461,192536,1414125
59,310,33133.5,3617,556,540,30980,376,333,31713,521,4073,30057,41272,8261,61,341,11,1786,167400,1026475830,185148,1359992
60,314,34984,3543,529,570,30428,393,344,31943,527,4111,30213,41577,8340,62,364,10,1658,178980,1064493152,181976,1392399
61,317,33922,3514,492,585,31255.5,394,342,32363,533,4164,30555,42099,8428,59,382,10,1575,185445,1060249071,168264,1384516
62,324,35414.5,3614,499,607,30270,410,352,32519,534,4182,30732,42298,8483,60,399,10,1508,196668,1071996915,175648,1481740
63,328,31326.5,3870,560,625,29761,417,357,33319,546,4275,31440,43294,8649,60,407,10,1531,205000,932307966.5,199920,1613790
64,326,30899,3874,560,641,28474,412,356,33958,553,4356,32078,44096,8850,55,399,11,1146,208966,879818126,199360,1596088
65,320,31043,3785,539,649,25865,382,330,34667,558,4427,32638,44977,9038,45,367,11,1012,207680,802927195,177870,1445870
66,305,31191.5,3564,515,649,25270,402,350,29699,431,3738,29305,38620,7854,37,340,8,951,197945,788209205,180250,1432728
67,304,30771,3598,520,648,23356,427,370,30127,436,3789,29929,39149,7968,34,339,10,966,196992,718687476,192400,1536346
68,284,30580,3341,492,664,22380,478,404,31213,440,3920,31001,40488,8249,32,317,10,919,188576,684380400,198768,1596998
69,276,30232,3311,492,649,22665,470,400,33999,489,4252,33016,44102,8908,34,310,10,818,179124,685208280,196800,1556170
70,276,29919,3288,522,640,22380,476,399,34333,499,4295,33387,44550,9001,35,308,10,800,176640,669587220,208278,1565088
71,266,30105,3304,538,630,21112.5,481,391,34860,497,4335,33816,45277,9200,35,310,10,993,167580,635591812.5,210358,1589224
72,264,30218,3318,558,619,20601,479,386,35306,508,4410,34478,45966,9317,37,344,10,1282,163416,622521018,215388,1589322
73,253,30150,3216,552,616,19474,486,395,35836,515,4478,35066,46698,9419,34,324,10,1249,155848,587141100,218040,1562976
74,251,29892,3241,580,591,19328,512,421,36223,521,4521,35720,47273,9503,34,332,9,1312,148341,577752576,244180,1659392
75,229,29754,3049,530,591,17260,547,457,36611,524,4572,36233,47771,9639,33,334,9,1345,135339,513554040,242210,1667803
76,227,29725.5,2876,480,594,17430,590,487,36846,523,4588,36646,48113,9697,32,349,10,1388,134838,518115465,233760,1696840
77,222,29797,2897,471,584,17048,594,487,37006,523,4606,36770,48328,9751,34,368,10,1423,129648,507979256,229377,1720818
78,222,29670,2875,433,605,17581.5,619,508,37588,528,4691,36945,49057,9925,36,395,8,1520,134310,521643105,219964,1779625
79,224,29605,2830,404,614,17839,605,493,38049,534,4745,37315,49692,10064,42,414,8,1553,137536,528123595,199172,1712150
80,228,29682,2818,403,613,19174.5,616,499,38962,547,4858,38102,50893,10330,48,416,8,1555,139764,569137509,201097,1735888
81,239,29858,2945,421,599,20112,591,485,43063,622,5415,41892,56120,11435,57,462,9,1656,143161,600504096,204185,1740495
82,234,30037,3001,397,616,20274,611,502,43391,624,5432,42054,56501,11487,58,512,9,1807,144144,608970138,199294,1833611
83,234,30261,2971,367,630,21065,599,499,43682,630,5461,42247,56863,11544,58,502,8,1809,147420,637447965,183133,1779629
84,225,30157,2992,346,632,20084,620,515,43682,630,5461,42247,56863,11544,57,477,8,1449,142200,605673188,178190,1855040
85,235,30071,2962,325,620,19051.5,645,527,44074,631,5476,42736,57302,11585,53,461,8,1397,145700,572897656.5,171275,1910490
86,244,29678,2813,278,624,19566,646,527,44158,631,5484,42886,57407,11600,51,416,8,1353,152256,580679748,146506,1817198
87,243,30237.5,2770,258,627,19549.5,662,525,44446,637,5520,42935,57785,11677,55,406,8,1305,152361,591128006.3,135450,1833740
88,242,30318,2702,247,625,19926.5,667,513,44462,637,5522,42963,57805,11686,55,383,8,1236,151250,604131627,126711,1802234
89,243,30157,2816,262,613,21032,676,519,44539,639,5535,43033,57908,11719,57,368,9,1201,148959,634262024,135978,1903616
90,244,30981.5,2664,244,599,21117,664,510,44606,639,5545,43046,58004,11741,53,327,10,1083,146156,654236335.5,124440,1768896
91,247,31717,2734,278,568,21764,668,504,44837,640,5575,43093,58300,11813,51,311,10,1018,140296,690288788,140112,1826312
92,241,32935,2794,296,566,20843,697,517,44966,641,5589,43164,58450,11837,49,294,9,968,136406,686464205,153032,1947418
93,243,33682,2771,285,556,21316,679,502,46754,669,5723,44519,60599,12080,45,285,9,1245,135108,717965512,143070,1881509
94,241,35731.5,2755,271,555,20654,676,497,47359,681,5807,44854,61350,12250,33,225,8,1240,133755,737998401,134687,1862380
95,245,37973,2732,288,560,20641,659,478,47709,686,5875,45248,61787,12349,35,231,8,1314,137200,783800693,137664,1800388
96,246,39767,2881,306,559,22149.5,705,501,49815,687,5950,46763,64230,12854,50,285,8,1557,137514,880819166.5,153306,2031105
97,247,39953.5,2977,318,557,22775.5,683,493,50136,696,5992,47024,64641,12930,62,337,9,1731,137579,909960939.3,156774,2033291
98,245,39783.5,3277,372,564,23318,645,468,51397,715,6152,47932,66293,13288,72,360,9,1755,138180,927671653,174096,2113665
99,233,39767,3482,390,559,23703,614,444,51768,718,6229,48222,66668,13346,76,392,8,1791,130247,942597201,173160,2137948
100,228,39904,3696,396,562,23910.5,612,448,119655,1392,13844,181692,174035,31382,89,505,8,4613,128136,954124592,177408,2261952
101,229,39800,3976,406,549,24874,577,427,119580,1428,13878,180890,173854,31319,99,621,9,6713,125721,989985200,173362,2294152
102,217,40027.5,4001,393,530,26123,527,391,117526,1448,13649,175163,170299,30651,109,727,9,7339,115010,1045638383,153663,2108527
103,221,39904,4219,401,520,27092,499,368,118048,1489,13763,175409,170437,30700,114,847,9,7881,114920,1081079168,147568,2105281
104,219,39904,4464,404,527,27516,482,361,118321,1511,13774,173328,171045,30701,135,968,9,9099,115413,1097998464,145844,2151648
105,232,38733,4488,407,543,28406.5,485,368,111675,1445,13136,162388,162102,28941,133,1003,9,9782,125976,1100268965,149776,2176680
106,241,38519,4804,458,568,26212.5,532,408,116587,1558,13656,165250,168169,29984,174,1153,10,10154,136888,1009679288,186864,2555728
107,242,38217,5123,494,576,26450,578,441,122477,1666,14303,173857,176090,31090,196,1260,11,10864,139392,1010839650,217854,2961094
108,234,37432,5457,530,566,23867,646,492,120231,1684,14151,166510,171882,30525,219,1377,11,11786,132444,893389544,260760,3525222
109,239,36809,5551,555,561,22528,632,487,118988,1659,13896,160637,169011,30054,219,1446,11,12002,134079,829233152,270285,3508232
110,247,36709.5,5937,650,563,22412.5,651,504,116954,1682,13745,151624,164906,29534,231,1512,13,12538,139061,822751668.8,327600,3864987
111,249,33992,6311,714,579,20152,722,555,118685,1711,13953,151128,166669,29882,251,1655,13,13498,144171,685006784,396270,4556542
112,254,33992.5,6378,747,584,20234,722,555,121411,1784,14266,155012,170358,30370,258,1694,13,14051,148336,687804245,414585,4604916
113,255,33499,6069,729,582,19623.5,725,562,103167,1551,12174,121470,141627,25393,253,1635,13,12886,148410,657367626.5,409698,4400025
114,254,33075,6309,799,603,19871,743,571,96210,1436,11473,109179,131830,24073,260,1647,13,11483,153162,657233325,456229,4687587
115,262,31686,6490,854,619,19521,791,600,97946,1477,11683,111622,134349,24437,269,1654,13,11283,162178,618542406,512400,5133590
116,268,32428,6570,861,635,19623.5,821,624,96333,1471,11401,106175,131339,23904,283,1658,13,11442,170180,636350858,537264,5393970
117,266,32090,6714,866,648,19623.5,834,632,86859,1222,10370,78583,115687,22046,297,1673,13,11417,172368,629718115,547312,5599476
118,248,31957.5,6913,865,623,19245,819,624,66034,879,7989,41651,83208,16883,306,1715,13,10840,154504,615022087.5,539760,5661747
119,249,30242,6852,853,599,17534.5,811,618,66542,891,8072,41954,83859,17024,267,1589,12,10343,149151,530278349,527154,5556972
120,247,29798.5,6771,863,585,17106,796,620,68037,920,8267,43557,85963,17446,243,1472,12,9477,144495,509733141,535060,5389716
121,250,29760.5,6562,827,585,16962.5,789,612,68037,920,8267,43557,85963,17446,216,1338,12,8537,146250,504812481.3,506124,5177418
122,248,31085.5,6385,797,586,16199,780,607,68373,925,8315,43670,86393,17537,203,1211,12,8083,145328,503554014.5,483779,4980300
123,249,29640.5,6052,711,602,16258,816,626,68843,935,8393,43888,86997,17655,180,1083,12,7333,149898,481895249,445086,4938432
124,239,29582.5,5639,631,598,16164,826,622,70672,948,8541,44579,89201,17945,151,903,12,6459,142922,478171530,392482,4657814
125,243,29112.5,5617,601,592,15822,841,627,70693,948,8545,44591,89227,17950,139,829,12,5916,143856,460617975,376827,4723897
126,247,29102,5866,616,594,16390.5,846,630,70878,949,8561,44689,89446,17984,126,768,12,4229,146718,476996331,388080,4962636
127,252,29512.5,5712,557,598,15319.5,855,643,71390,950,8612,44883,90089,18127,106,640,12,3797,150696,452116743.8,358151,4883760
128,250,29533.5,5627,534,598,15214,876,663,71685,953,8651,45063,90440,18178,85,518,11,3273,149500,449322669,354042,4929252
129,251,28819,5464,508,590,14504,867,658,71685,953,8651,45063,90440,18178,60,361,10,2454,148090,417990776,334264,4737288
130,250,27992.5,5423,565,603,13763.5,887,680,65192,811,7777,41450,82363,16691,31,234,10,1572,150750,385274773.8,384200,4810201
131,256,28769,5350,588,614,13706,896,684,65376,813,7784,41512,82577,16729,25,170,10,1399,157184,394307914,402192,4793600
132,245,28476,5228,578,610,14016,881,666,66896,835,7950,43369,84516,17101,17,127,10,1775,149450,399119616,384948,4605868
133,233,29008,4818,514,614,13297.5,847,635,66898,835,7952,43370,84519,17101,20,127,10,1766,143062,385733880,326390,4080846
134,227,27805,4655,507,606,12875.5,812,612,66969,835,7956,43415,84601,17119,24,142,11,1770,137562,358003277.5,310284,3779860
135,227,27278,4564,488,611,13065.5,837,623,67018,836,7964,43459,84664,17129,23,144,11,1748,138697,356400709,304024,3820068
136,221,27215,4317,451,604,12979.5,811,610,67058,836,7967,43502,84717,17142,25,152,11,1662,133484,353237092.5,275110,3501087
137,219,28548.5,4106,417,596,14150.5,739,569,67233,841,7996,43755,84940,17179,29,158,10,1433,130524,403975549.3,237273,3034334
138,216,28608,3985,422,592,14824.5,744,572,67288,843,8002,43791,85007,17193,36,182,10,1551,127872,424099296,241384,2964840
139,216,29008,3806,415,594,15794.5,775,588,67378,845,8021,43748,85126,17219,37,184,10,1504,128304,458166856,244020,2949650
140,208,29254.5,3374,384,595,16458,757,580,67504,845,8031,43958,85285,17257,38,186,10,1302,123760,481470561,222720,2554118
141,194,29254.5,3314,369,608,17767,731,558,67383,847,8042,43958,85133,17253,40,202,10,1303,117952,519764701.5,205902,2422534
142,187,29118,3136,346,589,18044,705,536,66696,841,7983,43059,84269,17105,40,214,10,1123,110143,525405192,185456,2210880
143,185,29070.5,2658,259,594,18280,713,541,67265,847,8092,43691,85000,17272,44,215,10,1082,109890,531408740,140119,1895154
144,176,29037.5,2384,203,594,18801,703,533,67218,848,8091,43719,84949,17265,39,196,9,826,104544,545934037.5,108199,1675952
145,174,29992,2269,181,598,20837.5,677,517,67220,848,8092,43719,84952,17265,35,186,9,439,104052,624958300,93577,1536113
146,178,30000.5,2268,183,600,20727.5,669,511,67187,849,8090,43659,84916,17262,35,189,8,473,106800,621835363.8,93513,1517292
147,184,29473,2489,196,599,21846,655,504,68663,858,8228,44453,86762,17592,41,207,8,597,110216,643867158,98784,1630295
148,182,29319,2486,200,596,22121,630,489,68779,858,8242,44522,86904,17617,41,212,7,628,108472,648565599,97800,1566180
149,177,29274.5,2474,202,595,22891,625,488,68846,860,8251,44556,86989,17639,42,218,8,645,105315,670122579.5,98576,1546250
150,178,29732.5,2529,227,596,23061,618,485,68936,860,8262,44600,87106,17663,39,213,8,624,106088,685661182.5,110095,1562922
151,175,29319,2504,221,593,22384,591,465,69096,863,8290,44735,87299,17699,34,221,9,717,103775,656276496,102765,1479864
152,172,29319,2533,239,590,22215.5,556,443,69649,865,8348,45535,88009,17852,38,244,9,826,101480,651336244.5,105877,1408348
153,164,29319,2504,225,582,22762.5,537,426,69716,867,8358,45597,88093,17867,41,245,9,816,95448,667373737.5,95850,1344648
154,161,29274.5,2392,221,552,22275,505,401,70157,869,8410,46327,88682,17999,45,271,9,893,88872,652089487.5,88621,1207960
155,159,28782.5,2350,230,542,22238,502,403,70136,870,8410,46289,88646,17979,46,286,9,986,86178,640065235,92690,1179700
156,156,28443,2462,254,531,22061.5,469,375,70220,870,8416,46467,88748,17996,42,288,10,1036,82836,627495244.5,95250,1154678
157,161,27627,2660,278,520,21567,475,378,70441,874,8461,46401,89016,18058,48,307,10,1090,83720,595831509,105084,1263500
158,165,25226.5,2766,297,502,20273,471,375,71018,880,8521,46646,89735,18200,56,350,9,1470,82830,511416834.5,111375,1302786
159,164,25623,2990,318,498,20270,473,377,71441,884,8574,46969,90283,18328,56,385,9,1487,81672,519378210,119886,1414270
160,158,21433.5,2917,318,512,20404.5,465,372,71893,893,8704,47332,90882,18431,60,413,9,2429,80896,437339850.8,118296,1356405
161,161,21474,3038,328,512,19772,463,371,72025,892,8709,47373,91045,18460,61,442,9,2478,82432,424583928,121688,1406594
162,174,21930,3222,349,504,19136.5,455,367,72135,892,8711,47411,91185,18490,62,460,10,2535,87696,419663445,128083,1466010
163,173,20735.5,3191,325,517,17744,456,367,72236,893,8721,47505,91315,18513,62,455,10,2476,89441,367930712,119275,1455096
164,170,21381,3228,315,527,18544,483,397,72910,902,8799,48360,92123,18655,62,441,9,2517,89590,396489264,125055,1559124
165,172,19758,3356,319,530,19093.5,482,399,73409,911,8890,48721,92777,18819,64,457,9,2550,91160,377249373,127281,1617592
166,173,20250.5,3496,336,540,19068,486,405,73449,912,8894,48727,92826,18828,69,456,9,2555,93420,386136534,136080,1699056
167,176,22386,3726,366,582,19096,554,460,73844,916,8963,49047,93334,18966,71,450,9,2516,102432,427483056,168360,2064204
168,177,20110,3890,367,594,18333,616,502,74272,918,9007,49001,93862,19082,76,468,10,2618,105138,368676630,184234,2396240
169,169,20110,3873,344,610,18347,658,546,75951,932,9281,50448,96034,19543,85,486,11,2721,103090,368958170,187824,2548434
170,167,22170,3903,348,604,17678,678,559,75482,933,9259,50120,95492,19451,90,497,12,2778,100868,391921260,194532,2646234
171,162,24904,3883,335,612,17304,695,569,75778,935,9303,50125,95864,19529,89,473,12,2521,99144,430938816,190615,2698685
172,159,24344,3794,341,620,17090,741,597,75941,937,9327,50538,96138,19600,91,447,11,2452,98580,416038960,203577,2811354
173,147,25740,3582,316,608,16629,738,592,76431,940,9387,50594,96765,19745,81,400,11,1477,89376,428030460,187072,2643516
174,142,25065,3472,311,608,16710,742,601,77008,942,9451,50692,97480,19907,85,386,11,1493,86336,418836150,186911,2576224
175,132,25874,3425,299,606,16557,734,591,77268,946,9499,50934,97814,19976,86,387,11,1492,79992,428395818,176709,2513950
176,124,25221,3426,307,583,16893,740,595,77634,948,9561,51284,98303,20091,87,396,12,1553,72292,426058353,182665,2535240
177,124,25221,3303,305,574,16352.5,769,610,77888,953,9587,51399,98616,20144,85,369,12,1302,71176,412426402.5,186050,2540007
178,121,25558.5,3181,292,560,16537,788,617,78073,957,9616,51582,98858,20203,84,362,12,1275,67760,422660914.5,180164,2506628
179,119,25377,3048,279,563,16093,784,616,78142,957,9627,51645,98955,20223,82,360,12,1275,66997,408392061,171864,2389632
180,116,26016,3014,277,548,15535,743,581,78809,965,9720,52115,99822,20386,87,360,12,1308,63568,404158560,160937,2239402
181,116,30074,2919,271,518,15626,677,536,77193,956,9501,48642,97421,19910,93,370,11,1401,60088,469936324,145256,1976163
182,129,31229,2909,281,508,16206.5,670,524,77339,956,9518,47433,97484,19947,82,350,11,1342,65532,506112788.5,147244,1949030
183,134,30686,2930,296,511,17050,706,542,77878,957,9551,45228,98083,20044,86,373,11,1866,68474,523196300,160432,2068580
184,131,31166,2940,289,511,18359.5,762,571,78960,967,9689,45491,99455,20321,94,426,11,2011,66941,572192177,165019,2240280
185,126,32874,3051,308,514,18599,769,570,79240,967,9717,45444,99792,20384,94,457,9,2098,64764,611423526,175560,2346219
186,135,32500,3235,324,516,18686,795,587,79800,970,9770,45659,100482,20508,101,476,9,2074,69660,607295000,190188,2571825
187,143,32754,3353,346,512,18473,847,624,80648,978,9881,51336,101601,20789,101,505,9,2159,73216,605064642,215904,2839991
188,147,32580,3348,347,506,18240,849,625,81576,980,9954,52144,102734,21008,100,501,9,2138,74382,594259200,216875,2842452
189,149,31770,3362,354,505,18092,865,632,81945,984,10008,52431,103212,21109,103,511,10,2137,75245,574782840,223728,2908130
190,152,31911.5,3415,366,481,18244.5,814,590,82204,986,10046,52724,103543,21185,101,530,10,2170,73112,582209361.8,215940,2779810
191,151,31664,3475,382,466,18230,779,573,83015,995,10141,53275,104529,21367,108,553,8,2282,70366,577234720,218886,2707025
192,145,30825,3548,406,476,17495.5,798,582,83326,998,10180,53241,104916,21449,104,559,8,2389,69020,539298787.5,236292,2831304
193,147,30906,3643,417,485,17358.5,837,606,83471,1001,10199,53356,105100,21493,96,583,8,2430,71295,536481801,252702,3049191
194,149,30825,3687,437,496,17314,892,637,83514,1002,10200,53399,105149,21498,86,551,8,2120,73904,533704050,278369,3288804
195,143,30316,3617,435,488,16214,878,632,83547,1002,10203,53403,105187,21506,87,539,9,2233,69784,491543624,274920,3175726
196,143,30012,3719,436,483,16094,846,611,83596,1002,10206,53422,105242,21512,81,512,9,1620,69069,483013128,266396,3146274
197,147,29738.5,3651,434,470,14633,784,576,83736,1003,10221,53497,105416,21542,72,440,9,1390,69090,435163470.5,249984,2862384
198,140,28107.5,3444,400,461,14370,778,574,83882,1004,10236,53513,105591,21568,71,416,9,1325,64540,403904775,229600,2679432
199,135,28183,3331,395,447,15374,753,555,84052,1006,10261,53633,105821,21623,67,401,9,1313,60345,433285442,219225,2508243
200,131,28032,3172,373,447,16909,750,552,84082,1006,10264,53642,105860,21630,60,350,9,1158,58557,473993088,205896,2379000
201,128,27323,3163,381,444,17652,765,558,84378,1011,10302,53814,106239,21716,56,344,9,1184,56832,482305596,212598,2419695
202,127,26829,3135,366,443,17914,759,553,84666,1015,10337,53954,106599,21788,54,344,9,1172,56261,480614706,202398,2379465
203,125,26522,3035,352,446,18506,769,565,84713,1015,10342,53956,106656,21804,53,326,9,1143,55750,490816132,198880,2333915
204,129,24067,3021,358,460,18080,804,586,84764,1015,10348,53970,106717,21821,49,307,9,1002,59340,435131360,209788,2428884
205,128,23513,3049,329,460,18569.5,788,571,84747,1015,10350,53951,106691,21819,44,266,9,819,58880,436624653.5,187859,2402612
206,122,21796.5,2764,288,430,19366,711,516,84756,1015,10350,53956,106704,21823,44,241,10,762,52460,422111019,148608,1965204
207,119,20905,2551,258,413,19730.5,651,477,84768,1015,10350,53954,106719,21826,43,231,8,741,49147,412466102.5,123066,1660701
208,120,21399.5,2512,263,420,20527,619,459,84888,1016,10375,54397,106874,21867,45,218,7,522,50400,439267536.5,120717,1554928
209,105,23549.5,2351,244,438,19167,666,481,84926,1016,10381,54436,106925,21877,44,218,7,531,45990,451373266.5,117364,1565766
210,103,23513,2290,241,449,19658,699,502,85361,1021,10460,54600,107507,22038,39,208,7,522,46247,462218554,120982,1600710
211,117,20985,2328,244,450,20436,689,499,85525,1022,10479,54679,107725,22103,37,216,8,547,52650,428849460,121756,1603992
212,125,16176,2414,260,456,19792,692,500,85550,1022,10480,54656,107756,22110,36,243,9,3438,57000,320155392,130000,1670488
213,122,17306,2471,271,448,19803,664,479,85843,1023,10503,54765,108086,22137,39,253,10,3474,54656,342710718,129809,1640744
214,123,19340.5,2531,302,442,19499,686,495,85921,1023,10520,54793,108200,22172,44,262,10,3456,54366,377120409.5,149490,1736266
215,126,22237.5,2626,332,450,19104,692,498,85992,1024,10529,54791,108290,22192,46,271,10,3468,56700,424825200,165336,1817192
216,133,23718,2684,336,441,18453,678,480,85999,1024,10530,54795,108299,22194,45,260,10,3442,58653,437668254,161280,1819752
217,126,25966.5,2674,324,427,19803,651,461,86153,1025,10550,54736,108489,22234,47,273,11,4380,53802,514214599.5,149364,1740774
218,125,26109,2474,319,425,19797.5,656,470,86157,1025,10550,54738,108494,22234,43,255,11,4341,53125,516892927.5,149930,1622944
219,128,26184.5,2467,324,439,19570,690,491,87177,1031,10671,55322,109776,22522,43,257,10,4383,56192,512430665,159084,1702230
220,128,25954,2574,330,443,19701,715,511,87200,1031,10672,55287,109800,22524,44,266,10,4399,56704,511319754,168630,1840410
221,126,24657.5,2536,307,436,18994,720,521,87269,1031,10683,55357,109885,22548,34,242,10,4327,54936,468344555,159947,1825920
222,127,25399,2529,297,414,18761.5,663,481,87720,1033,10730,55619,110451,22688,37,262,10,4382,52578,476523338.5,142857,1676727
223,127,26096,2578,298,398,18472,629,454,87929,1036,10757,55749,110700,22752,39,285,10,4417,50546,482045312,135292,1621562
224,114,28266,2463,286,388,18152,622,445,88023,1036,10769,55783,110820,22779,37,275,10,3516,44232,513084432,127270,1531986
225,111,28849,2338,262,388,16865,597,424,88025,1036,10769,55783,110822,22779,38,251,9,1505,43068,486538385,111088,1395786
226,112,27861,2216,226,383,16462.5,622,437,88039,1036,10771,55787,110841,22786,34,244,9,1465,42896,458661712.5,98762,1378352
227,106,28725,2077,198,369,17931.5,561,398,88080,1036,10771,55819,110892,22800,31,207,7,1391,39114,515082337.5,78804,1165197
228,99,25587,1978,172,367,17364,576,412,88260,1041,10784,55891,111121,22849,30,201,6,1380,36333,444292668,70864,1139328
229,101,24717.5,2074,181,373,16509,600,434,88409,1045,10804,55953,111308,22893,33,209,8,509,37673,408061207.5,78554,1244400
230,104,24635.5,2035,174,367,15555,598,430,88481,1046,10808,55993,111393,22909,29,207,7,500,38168,383205202.5,74820,1216930
231,106,24648,2092,176,354,15187,602,423,88496,1047,10814,56018,111413,22920,29,210,7,529,37524,374329176,74448,1259384
232,108,24787,2194,183,350,14186,625,435,88679,1048,10841,56160,111657,22974,34,230,7,547,37800,351628382,79605,1371250
233,111,22878.5,2149,191,356,14736,633,434,88715,1048,10847,56192,111705,22985,36,230,8,544,39516,337137576,82894,1360317
234,106,22964,2094,196,349,14984,643,438,89053,1052,10918,56481,112133,23083,35,222,8,543,36994,344092576,85848,1346442
235,102,22236,2036,198,359,15867.5,638,437,89079,1052,10922,56512,112166,23089,34,194,8,459,36618,352829730,86526,1298968
236,105,21842,1902,178,368,14890,654,439,89084,1052,10925,56533,112174,23096,31,169,8,408,38640,325227380,78142,1243908
237,110,21662.5,1898,178,373,14318.5,643,432,89197,1053,10938,56615,112311,23122,32,183,9,426,41030,310174506.3,76896,1220414
238,113,21980,1899,173,363,14856,621,426,89516,1058,10994,57053,112711,23190,33,187,9,448,41019,326534880,73698,1179279
239,116,21980,1898,169,366,13526,597,407,98711,1207,12828,60737,124584,26099,32,193,10,453,42456,297301480,68783,1133106
240,111,21654,1891,165,371,13057,615,427,98711,1207,12828,60737,124584,26099,30,193,10,452,41181,282736278,70455,1162965
241,115,21825,1850,157,374,15397,610,415,98711,1207,12828,60737,124584,26099,31,187,10,436,43010,336039525,65155,1128500
242,107,22097,1673,145,364,15397,576,394,98711,1207,12828,60737,124584,26099,28,175,10,407,38948,340227509,57130,963648
243,104,22097,1679,143,355,15868.5,561,387,98711,1207,12828,60737,124584,26099,30,183,9,424,36920,350646244.5,55341,941919
244,101,21877,1643,146,358,15415,551,385,98711,1207,12828,60737,124584,26099,31,187,9,399,36158,337233955,56210,905293
245,97,22019.5,1566,129,360,18005,515,365,98711,1207,12828,60737,124584,26099,25,167,9,366,34920,396461097.5,47085,806490
246,87,24485,1526,115,349,16247,500,353,98711,1207,12828,60737,124584,26099,25,172,8,373,30363,397807795,40595,763000
247,94,24423,1564,115,354,16247,477,343,98711,1207,12828,60737,124584,26099,30,184,8,405,33276,396800481,39445,746028
248,87,25439,1520,108,340,16247,484,359,98711,1207,12828,60737,124584,26099,29,184,8,394,29580,413307433,38772,735680
249,87,24547,1571,114,342,17998.5,471,361,98711,1207,12828,60737,124584,26099,29,181,9,396,29754,441809179.5,41154,739941
250,90,21999,1653,118,341,18903.5,470,355,98711,1207,12828,60737,124584,26099,28,176,8,401,30690,415858096.5,41890,776910
251,88,23004,1661,111,343,18462,495,359,98711,1207,12828,60737,124584,26099,26,178,8,415,30184,424699848,39849,822195
252,90,22042,1680,112,323,19518,490,358,98711,1207,12828,60737,124584,26099,33,189,9,536,29070,430215756,40096,823200
253,91,22042,1756,122,328,20153,464,334,98711,1207,12828,60737,124584,26099,33,205,10,819,29848,444212426,40748,814784
254,89,22248,1783,120,321,18982,434,320,98711,1207,12828,60737,124584,26099,35,211,10,822,28569,422311536,38400,773822
255,90,21999,1821,114,324,21841,432,317,98711,1207,12828,60737,124584,26099,35,234,9,885,29160,480480159,36138,786672
256,88,25795.5,1873,129,329,19931.5,458,341,98711,1207,12828,60737,124584,26099,40,262,9,938,28952,514143008.3,43989,857834
257,86,28207,1956,132,332,20153,461,341,98711,1207,12828,60737,124584,26099,38,292,8,1023,28552,568455671,45012,901716
258,88,28629.5,1920,133,312,20172,424,316,98711,1207,12828,60737,124584,26099,39,290,10,1009,27456,577514274,42028,814080
259,88,28224.5,1865,128,307,21640,427,314,98711,1207,12828,60737,124584,26099,36,276,10,983,27016,610778180,40192,796355
260,83,27545.5,1899,121,309,21303.5,440,320,98711,1207,12828,60737,124584,26099,32,300,10,1104,25647,586815559.3,38720,835560
261,85,26923,2016,150,317,20168,431,303,98711,1207,12828,60737,124584,26099,35,332,11,1178,26945,542983064,45450,868896
262,82,28224.5,2026,156,315,20512,436,304,98711,1207,12828,60737,124584,26099,33,379,11,1262,25830,578940944,47424,883336
263,77,29084,2089,170,322,18455,465,323,98711,1207,12828,60737,124584,26099,37,444,11,1354,24794,536745220,54910,971385
264,75,28985,2110,173,321,19956,480,333,98711,1207,12828,60737,124584,26099,37,472,11,1432,24075,578424660,57609,1012800
265,75,29101.5,2115,173,323,19728,469,328,98711,1207,12828,60737,124584,26099,31,480,11,1352,24225,574114392,56744,991935
266,71,29589.5,2084,170,327,20148.5,479,334,98711,1207,12828,60737,124584,26099,31,488,10,1160,23217,596184040.8,56780,998236
267,79,29663.5,2197,192,327,20205,490,341,98711,1207,12828,60737,124584,26099,38,516,10,1226,25833,599351017.5,65472,1076530
268,81,29191,2208,200,325,18882,506,340,98711,1207,12828,60737,124584,26099,50,536,10,1403,26325,551184462,68000,1117248
269,85,28980.5,2471,221,330,16838,495,332,98711,1207,12828,60737,124584,26099,54,592,10,1684,28050,487973659,73372,1223145
270,83,28812,2738,234,327,16021,529,350,98711,1207,12828,60737,124584,26099,57,598,10,1665,27141,461597052,81900,1448402
271,80,28944.5,2854,245,327,15233,542,358,98711,1207,12828,60737,124584,26099,59,618,9,1734,26160,440911568.5,87710,1546868
272,85,28812,3000,254,334,15146.5,535,363,98711,1207,12828,60737,124584,26099,63,633,9,1802,28390,436400958,92202,1605000
273,90,28905.5,2893,257,331,14360.5,522,355,98711,1207,12828,60737,124584,26099,65,599,10,1657,29790,415097432.8,91235,1510146
274,94,28165,2891,248,321,12752,512,349,98711,1207,12828,60737,124584,26099,61,575,10,1621,30174,359160080,86552,1480192
275,96,27582,2953,253,317,12853,489,332,98711,1207,12828,60737,124584,26099,64,537,9,1531,30432,354511446,83996,1444017
276,104,25900,2836,248,318,15638,442,304,98711,1207,12828,60737,124584,26099,59,496,10,1682,33072,405024200,75392,1253512
277,104,25798,2863,267,314,13148.5,424,300,98711,1207,12828,60737,124584,26099,62,465,10,1611,32656,339205003,80100,1213912
278,110,23771,2942,297,310,11911,403,287,98711,1207,12828,60737,124584,26099,60,448,11,1598,34100,283136381,85239,1185626
279,110,22895,2971,304,313,12209.5,425,295,98711,1207,12828,60737,124584,26099,65,473,11,1717,34430,279536502.5,89680,1262675
280,109,21536,3150,319,302,13240,434,300,98711,1207,12828,60737,124584,26099,58,465,11,1728,32918,285136640,95700,1367100
281,112,21806,3065,297,303,14927.5,412,292,98711,1207,12828,60737,124584,26099,47,420,11,1514,33936,325509065,86724,1262780
282,114,21989,2627,276,301,13817,414,282,98711,1207,12828,60737,124584,26099,40,330,11,1251,34314,303822013,77832,1087578
283,116,21403.5,2334,257,297,19231,394,273,98711,1207,12828,60737,124584,26099,37,298,11,1186,34452,411610708.5,70161,919596
284,118,21271,2279,258,307,19749.5,411,287,98711,1207,12828,60737,124584,26099,35,274,11,1086,36226,420091614.5,74046,936669
285,115,22007,2183,255,303,18898.5,442,296,98711,1207,12828,60737,124584,26099,32,275,11,1060,34845,415899289.5,75480,964886
286,118,22782,2173,246,293,18632,450,293,98711,1207,12828,60737,124584,26099,29,265,10,1046,34574,424474224,72078,977850
287,116,22984,2057,229,304,19187.5,486,312,98711,1207,12828,60737,124584,26099,29,257,10,1002,35264,441005500,71448,999702
288,115,22914.5,1885,207,312,18898.5,506,322,98711,1207,12828,60737,124584,26099,31,244,10,975,35880,433049678.3,66654,953810
289,111,22914.5,1809,201,313,18068,535,335,98711,1207,12828,60737,124584,26099,29,227,9,719,34743,414019186,67335,967815
290,113,23971,1744,183,305,16869,561,353,98711,1207,12828,60737,124584,26099,28,235,10,687,34465,404366799,64599,978384
291,114,27326,1579,160,314,17472,590,372,98711,1207,12828,60737,124584,26099,29,211,10,628,35796,477439872,59520,931610
292,113,26624,1459,145,314,17472,611,386,98711,1207,12828,60737,124584,26099,24,170,10,429,35482,465174528,55970,891449
293,109,32309,1259,130,317,18355.5,632,403,98711,1207,12828,60737,124584,26099,22,149,9,370,34553,593047849.5,52390,795688
294,98,33129,1177,124,319,18801.5,645,405,98711,1207,12828,60737,124584,26099,22,137,8,307,31262,622874893.5,50220,759165
295,92,32348,1142,115,313,18964,627,396,98711,1207,12828,60737,124584,26099,21,131,9,255,28796,613447472,45540,716034
296,92,30949.5,1230,120,313,18478,652,403,98711,1207,12828,60737,124584,26099,23,144,10,274,28796,571884861,48360,801960
297,93,29829,1223,118,310,18638,618,385,98711,1207,12828,60737,124584,26099,25,149,9,286,28830,555952902,45430,755814
298,99,25353.5,1277,134,313,18716.5,626,391,98711,1207,12828,60737,124584,26099,29,168,9,344,30987,474528782.8,52394,799402
299,94,25413,1283,133,313,18850,609,379,98711,1207,12828,60737,124584,26099,31,177,9,408,29422,479035050,50407,781347
300,92,25403,1305,134,305,18340,574,358,98711,1207,12828,60737,124584,26099,34,178,9,448,28060,465891020,47972,749070
301,91,24806,1356,145,301,18728,579,363,98711,1207,12828,60737,124584,26099,40,189,9,488,27391,464566768,52635,785124
302,88,24517.5,1422,149,308,18801,567,368,98711,1207,12828,60737,124584,26099,41,198,10,516,27104,460953517.5,54832,806274
303,81,24647,1387,149,302,19249,556,358,98711,1207,12828,60737,124584,26099,39,171,10,474,24462,474430103,53342,771172
304,82,25403,1357,148,295,18853.5,549,356,98711,1207,12828,60737,124584,26099,39,171,10,482,24190,478935460.5,52688,744993
305,80,25968,1327,146,287,18742,511,329,99340,1213,12908,61005,125366,26265,38,163,10,490,22960,486692256,48034,678097
306,76,25899.5,1358,138,275,18864,497,319,99340,1213,12908,61005,125366,26265,44,182,10,537,20900,488568168,44022,674926
307,72,25413,1424,141,264,18864,503,328,99340,1213,12908,61005,125366,26265,54,214,10,604,19008,479390832,46248,716272
308,71,25423,1398,132,263,19269,497,325,99335,1213,12908,60991,125359,26264,51,205,11,577,18673,489875787,42900,694806
309,70,25576,1331,132,262,19975,484,327,99856,1216,12990,61296,126021,26401,53,203,11,604,18340,510880600,43164,644204
310,71,25490,1335,131,258,19921,488,338,99856,1216,12990,61296,126021,26401,53,214,11,620,18318,507786290,44278,651480
311,59,25882,1209,118,265,20015,493,345,99856,1216,12990,61296,126021,26401,53,199,11,569,15635,518028230,40710,596037
312,62,25885.5,1139,119,260,20226,510,357,99854,1216,12990,61294,126017,26401,51,185,12,490,16120,523560123,42483,580890
313,66,27067.5,1148,123,262,22333,515,358,99869,1216,12992,61298,126037,26407,52,191,12,463,17292,604498477.5,44034,591220
314,65,31264.5,1071,114,269,21615,534,371,99983,1217,12996,61367,126163,26415,45,181,10,424,17485,675782167.5,42294,571914
315,63,31997,1042,122,265,22412,535,363,99977,1217,12997,61362,126156,26415,46,177,9,434,16695,717116764,44286,557470
316,65,31651,1029,117,266,24474,549,374,99892,1219,13009,61211,126090,26430,48,198,9,571,17290,774626574,43758,564921
317,65,30783,998,111,269,23933.5,555,375,99889,1219,13011,61207,126086,26431,48,197,9,542,17485,736744930.5,41625,553890
318,60,29133.5,911,105,274,20670.5,583,395,99897,1219,13011,61205,126094,26432,46,193,9,511,16440,602204011.8,41475,531113
319,58,28906,845,109,279,20226,595,400,99904,1219,13011,61289,126103,26434,38,163,8,443,16182,584652756,43600,502775
320,57,32088,779,115,285,19387.5,584,390,100120,1221,13029,61450,126367,26492,36,169,8,447,16245,622106100,44850,454936
321,59,32088,794,125,289,18700,583,395,100119,1221,13029,61457,126365,26492,37,176,8,451,17051,600045600,49375,462902
322,59,31221,808,129,288,18824,572,376,100180,1222,13051,61518,126449,26520,34,170,8,419,16992,587704104,48504,462176
323,62,31091,808,133,283,18700,565,364,100214,1222,13055,61535,126488,26525,31,152,8,407,17546,581401700,48412,456520
324,61,30149.5,806,137,292,17837,557,356,100214,1222,13055,61535,126488,26525,28,149,8,399,17812,537776631.5,48772,448942
325,60,29142,819,137,290,17809,555,346,100265,1224,13065,61561,126555,26539,26,149,8,402,17400,518989878,47402,454545
326,58,31091,886,142,288,18303.5,545,341,100296,1224,13072,61430,126590,26549,25,152,8,411,16704,569074118.5,48422,482870
327,65,27452,993,164,279,17789,525,332,98099,1203,12837,60101,123840,26063,29,164,9,475,18135,488343628,54448,521325
328,69,25454,1114,181,292,18317,556,339,98144,1203,12844,60101,123890,26074,31,169,9,508,20148,466240918,61359,619384
329,71,25068.5,1101,185,290,17502.5,570,344,98162,1203,12854,60109,123914,26083,28,158,10,385,20590,438761421.3,63640,627570
330,73,23091,1162,207,294,15720.5,609,364,95970,1179,12585,58826,121149,25529,29,160,10,413,21462,363002065.5,75348,707658
331,74,23259.5,1173,209,292,15504.5,583,361,95970,1179,12585,58826,121149,25529,29,153,10,408,21608,360626917.8,75449,683859
332,81,23112.5,1165,215,292,15334.5,602,378,96110,1182,12604,58908,121325,25567,31,157,10,406,23652,354418631.3,81270,701330
333,81,23057,1149,214,292,14951.5,594,370,96128,1183,12607,58921,121349,25573,28,155,10,436,23652,344736735.5,79180,682506
334,78,22515,1192,225,293,14572,632,387,96184,1183,12614,58994,121419,25591,30,152,10,447,22854,328088580,87075,753344
335,82,23091,1227,234,299,14832.5,685,413,96194,1183,12614,58998,121429,25590,30,156,10,455,24518,342497257.5,96642,840495
336,81,23385,1256,243,298,15104,721,428,96091,1180,12609,58963,121305,25580,31,172,10,492,24138,353207040,104004,905576
337,85,23134,1385,254,288,15606.5,719,426,96185,1180,12616,59003,121410,25592,36,180,11,521,24480,361040771,108204,995815
338,85,22798,1457,264,281,15104,725,427,96343,1182,12639,59160,121621,25638,51,197,11,551,23885,344340992,112728,1056325
339,88,20994.5,1480,259,288,14561,752,431,96478,1182,12645,59257,121779,25655,55,211,11,585,25344,305700914.5,111629,1112960
340,83,21778,1325,236,290,14597,784,436,96572,1182,12656,59295,121894,25678,47,183,10,461,24070,317893466,102896,1038800
341,83,23118,1301,225,286,13791,776,431,96617,1182,12660,59321,121947,25690,46,184,9,438,23738,318820338,96975,1009576
342,80,23965.5,1286,221,286,14196,752,420,96617,1182,12660,59321,121947,25690,44,174,9,406,22880,340214238,92820,967072
343,81,23484.5,1266,209,275,15035,742,408,96627,1182,12660,59325,121959,25692,44,180,9,417,22275,353089457.5,85272,939372
344,83,23484.5,1341,233,277,15055,730,383,96724,1183,12669,59310,122071,25716,42,184,9,440,22991,353559147.5,89239,978930
345,86,26519,1460,247,276,15075,739,387,96735,1183,12678,59354,122090,25720,50,202,10,502,23736,399773925,95589,1078940
346,86,24092,1602,263,272,15062.5,761,392,96785,1183,12678,59366,122152,25727,55,213,10,1655,23392,362885750,103096,1219122
347,84,28002,1660,261,270,14671,721,375,96997,1186,12710,59452,122429,25789,64,237,10,2129,22680,410817342,97875,1196860
348,84,23271,1884,289,259,14613.5,670,351,97022,1187,12711,59461,122460,25796,76,265,10,2202,21756,340070758.5,101439,1262280
349,85,22466,2061,306,264,14346,668,353,97081,1187,12699,59473,122515,25814,87,302,9,2240,22440,322297236,108018,1376748
350,81,22833.5,2156,337,269,13980.5,664,354,96835,1193,12692,59476,122270,25806,93,323,9,2283,21789,319223746.8,119298,1431584
351,81,23637,2210,355,258,13475,630,340,97033,1196,12713,59601,122512,25862,91,322,8,2269,20898,318508575,120700,1392300
352,78,23789,2176,364,247,15108,585,330,97139,1197,12727,59683,122646,25891,91,341,8,2304,19266,359404212,120120,1272960
353,80,22883,2261,371,239,13897.5,615,352,97304,1201,12739,59777,122837,25916,96,381,8,2455,19120,318016492.5,130592,1390515
354,83,23831,2297,380,236,14852,593,346,97350,1201,12747,59811,122896,25930,102,397,8,2504,19588,353938012,131480,1362121
355,85,23764,2406,392,225,15082.5,581,338,97483,1201,12757,59351,123052,25958,110,426,9,2817,19125,358420530,132496,1397886
356,83,23810,2466,395,227,15776,521,312,97559,1202,12758,58470,123132,26008,115,455,10,2994,18841,375626560,123240,1284786
357,84,23651,2552,402,219,15856,515,304,97679,1202,12780,58033,123288,26055,119,486,10,3197,18396,375010256,122208,1314280
358,82,23127.5,2382,380,205,16096.5,465,280,97714,1201,12766,57933,123320,26064,119,475,10,3150,16810,372271803.8,106400,1107630
359,80,23637,2316,370,207,17312.5,480,281,98081,1206,12821,58137,123781,26151,108,472,10,2017,16560,409215562.5,103970,1111680
360,78,23231.5,2211,354,213,18151,489,294,98108,1208,12831,58136,123812,26156,106,466,10,1572,16614,421674956.5,104076,1081179
361,76,24318,2099,353,203,19295,487,291,98146,1209,12832,58156,123851,26160,94,444,10,1521,15428,469215810,102723,1022213
362,74,24717,1938,329,196,19154.5,481,283,98266,1210,12842,58202,123998,26192,88,413,10,1470,14504,473441776.5,93107,932178
363,73,25459,1802,295,189,19474.5,469,271,98345,1212,12857,58253,124102,26216,87,411,10,1464,13797,495801295.5,79945,845138
364,74,25137.5,1707,270,198,22002,520,296,98369,1212,12866,58302,124135,26228,78,393,10,1439,14652,553075275,79920,887640
365,71,25477,1584,256,205,25099,533,301,98438,1212,12873,58376,124228,26249,77,374,10,1388,14555,639447223,77056,844272
366,68,25711,1573,258,215,26511,509,284,98438,1212,12873,58376,124228,26249,74,332,10,1244,14620,681624321,73272,800657
367,64,25476,1458,236,212,26949,510,284,98453,1212,12873,58370,124246,26256,70,325,10,1182,13568,686552724,67024,743580
368,63,25686,1342,215,212,27578.5,502,283,98445,1212,12873,58364,124232,26253,62,297,9,923,13356,708381351,60845,673684
369,62,25711,1250,211,218,27438,541,299,98446,1212,12873,58364,124233,26253,57,262,9,732,13516,705458418,63089,676250
370,57,25742,1133,195,224,29097,561,312,98469,1212,12875,58381,124262,26260,46,211,9,472,12768,749014974,60840,635613
371,55,25919,1081,188,234,27514,601,339,98469,1212,12875,58381,124262,26260,42,209,9,467,12870,713135366,63732,649681
372,54,25682.5,1019,178,235,27227,567,328,98630,1215,12888,58435,124465,26305,44,192,9,408,12690,699257427.5,58384,577773
373,54,25679,965,174,234,27070.5,541,303,98630,1215,12888,58435,124465,26305,35,158,9,350,12636,695143369.5,52722,522065
374,54,29259,848,138,238,27356.5,537,301,98633,1215,12890,58449,124464,26305,34,165,9,333,12852,800423833.5,41538,455376
375,58,36379,793,144,247,26573.5,535,301,98680,1216,12894,58474,124527,26315,30,149,9,277,14326,966717356.5,43344,424255
376,58,29259,778,148,245,26848,547,307,98702,1216,12897,58493,124554,26323,22,125,9,233,14210,785545632,45436,425566
377,56,29616,709,138,249,25905,509,284,98701,1216,12902,58512,124555,26311,19,119,9,240,13944,767202480,39192,360881
378,57,29616,710,131,245,26276,489,272,98701,1216,12902,58496,124555,26306,17,109,9,219,13965,778190016,35632,347190
379,57,29259,731,135,253,24563,513,278,98735,1216,12908,58523,124599,26315,20,117,9,233,14421,718688817,37530,375003
380,56,26916,851,158,258,22462.5,530,287,98856,1217,12933,58643,124747,26335,26,125,8,249,14448,604600650,45346,451030
381,59,27200,856,158,261,22017.5,542,295,98859,1217,12933,58643,124752,26337,28,131,8,241,15399,598876000,46610,463952
382,61,26322.5,915,163,248,21809,496,269,98877,1217,12925,58667,124770,26342,35,178,8,304,15128,574067402.5,43847,453840
383,60,26038.5,987,168,238,19861.5,471,253,99029,1219,12954,58826,124963,26391,41,199,8,347,14280,517163667.8,42504,464877
384,59,26013,1066,177,229,19903,451,232,99070,1220,12957,58852,125009,26398,42,201,8,352,13511,517736739,41064,480766
385,57,25523.5,1061,173,225,19796.5,461,241,98927,1220,12949,58671,124863,26367,41,194,8,317,12825,505275967.8,41693,489121
386,63,24277.5,1071,177,226,19224.5,468,246,98923,1220,12949,58671,124857,26366,41,188,8,309,14238,466722798.8,43542,501228
387,66,24340,1059,182,242,18687,565,287,98924,1220,12950,58671,124859,26367,40,175,8,293,15972,454841580,52234,598335
388,65,22248,1073,181,226,18691,556,289,98772,1220,12952,58855,124718,26373,42,189,8,309,14690,415837368,52309,596588
389,65,22021,1127,188,238,18679,583,308,98686,1219,12948,58927,124625,26370,46,204,7,340,15470,411330259,57904,657041
390,84,22058.5,1137,187,260,18675,566,306,98832,1220,12974,59078,124829,26434,46,197,7,313,21840,411942487.5,57222,643542
391,102,22315,1127,184,268,18649,548,296,98851,1220,12980,59090,124856,26442,43,192,7,307,27336,416152435,54464,617596
392,102,22388,1088,179,268,18675,537,294,98631,1220,13002,59358,124664,26474,41,216,7,351,27336,418095900,52626,584256
393,99,22327.5,983,156,259,18801,542,288,98676,1220,13006,59392,124721,26483,36,211,7,340,25641,419779327.5,44928,532786
394,97,21851,976,161,258,18921,551,296,98676,1220,13006,59392,124721,26483,32,198,7,317,25026,413442771,47656,537776
395,100,21725.5,963,158,262,18861,554,300,98960,1222,13034,59349,125062,26538,29,182,7,362,26200,409764655.5,47400,533502
396,100,19921.5,906,143,266,18957,577,303,99011,1222,13055,59408,125132,26557,24,165,7,327,26600,377651875.5,43329,522762
397,102,19129,910,141,270,18985.5,586,311,99253,1223,13092,59466,125433,26607,27,180,7,360,27540,363173629.5,43851,533260
398,99,20414,941,145,280,18801,594,316,99255,1223,13092,59467,125437,26609,26,186,7,381,27720,383803614,45820,558954
399,99,19378,982,141,283,18518,565,303,99258,1223,13094,59472,125443,26617,27,195,8,404,28017,358841804,42723,554830
400,95,18881,1025,138,281,18437,539,298,99420,1224,13107,59504,125640,26655,26,203,8,430,26695,348108997,41124,552475
401,95,19378,1048,141,292,17662,582,316,99509,1225,13112,59488,125732,26661,29,206,8,499,27740,342254236,44556,609936
402,94,19188,1035,138,295,18530,574,307,97896,1217,12907,58613,123684,26196,28,209,10,516,27730,355553640,42366,594090
403,69,18558.5,1076,147,268,18960,590,313,97935,1217,12912,58635,123732,26198,35,221,10,527,18492,351869160,46011,634840
404,64,19034.5,1184,167,266,19078,619,328,97953,1217,12914,58653,123755,26205,35,206,10,517,17024,363140191,54776,732896
405,65,18628,1198,172,264,19738,582,311,97957,1217,12914,58649,123759,26205,33,189,10,486,17160,367679464,53492,697236
406,67,18628,1230,177,262,19011,597,326,98038,1217,12928,58714,123863,26226,32,191,10,496,17554,354136908,57702,734310
407,67,20344,1288,183,264,19051,587,317,98309,1221,12979,58879,124215,26307,32,196,10,507,17688,387573544,58011,756056
408,66,22169,1283,182,275,19762.5,610,335,98311,1221,12979,58873,124218,26309,31,189,10,456,18150,438114862.5,60970,782630
409,66,23207,1310,189,265,20975,593,325,98311,1221,12979,58864,124218,26309,29,174,10,445,17490,486766825,61425,776830
410,65,24838,1251,180,258,20135,588,323,98320,1221,12980,58888,124230,26311,29,167,10,419,16770,500113130,58140,735588
411,65,24603,1260,179,245,21274,583,320,98320,1221,12980,58888,124230,26311,27,156,10,394,15925,523404222,57280,734580
412,64,25073,1233,188,244,21781,571,312,98320,1221,12980,58888,124230,26311,26,143,10,365,15616,546115013,58656,704043
413,62,24626.5,1169,182,236,22316.5,560,296,98387,1224,12987,58918,124311,26321,24,131,10,334,14632,549577287.3,53872,654640
414,64,23236,1090,174,224,23602,522,280,98387,1224,12987,58918,124311,26321,20,104,9,234,14336,548416072,48720,568980
415,65,24570.5,1026,170,218,22366,491,266,98387,1224,12987,58918,124311,26321,18,89,8,204,14170,549543803,45220,503766
416,63,23652.5,941,161,211,22316.5,469,256,98387,1224,12987,58918,124311,26321,11,77,9,203,13293,527841016.3,41216,441329
417,64,26372,876,156,215,22316.5,473,256,98387,1224,12987,58918,124311,26321,9,67,9,172,13760,588530738,39936,414348
418,65,24756.5,865,157,212,22255,496,258,98387,1224,12987,58918,124311,26321,13,72,9,180,13780,550955907.5,40506,429040
419,65,24756.5,778,146,210,27483.5,476,244,98387,1224,12987,58918,124311,26321,12,64,9,165,13650,680395267.8,35624,370328
420,67,24570.5,703,135,204,26503,492,250,98387,1224,12987,58918,124311,26321,11,52,9,142,13668,651191961.5,33750,345876
421,68,24498.5,639,136,211,29968,481,242,98387,1224,12987,58918,124311,26321,10,40,8,96,14348,734171048,32912,307359
422,69,24863,610,130,214,27913,540,264,98387,1224,12987,58918,124311,26321,10,37,8,84,14766,694000919,34320,329400
423,73,25858,627,139,219,27864,543,266,98396,1224,12989,58923,124324,26325,8,34,9,81,15987,720507312,36974,340461
424,74,26146.5,598,147,225,27494.5,552,272,98447,1224,12994,58989,124388,26341,10,34,8,82,16650,718884944.3,39984,330096
425,77,25499,550,132,231,27864,565,277,98450,1224,12994,58989,124391,26341,13,40,7,91,17787,710504136,36564,310750
426,78,25906,541,131,239,28622,591,287,98450,1224,12994,58989,124391,26341,11,37,7,557,18642,741481532,37597,319731
427,75,27240,531,131,241,29171,604,286,98452,1224,12994,58992,124394,26343,15,47,7,558,18075,794618040,37466,320724
428,80,26352.5,583,145,245,27767,643,306,98453,1224,12994,58992,124396,26344,16,50,8,563,19600,731729867.5,44370,374869
429,79,26333,609,151,244,29171,640,304,98492,1224,12995,58991,124440,26348,21,62,7,558,19276,768159943,45904,389760
430,77,25891,544,135,249,28702,637,297,98492,1224,12995,58991,124440,26348,18,56,7,550,19173,743123482,40095,346528
431,73,26754.5,518,134,256,28041,605,288,98492,1224,12995,58991,124440,26348,17,51,7,543,18688,750222934.5,38592,313390
432,72,26996,540,142,252,25548,582,278,98492,1224,12995,58991,124440,26348,17,50,7,536,18144,689693808,39476,314280
433,70,26561,533,138,262,23883.5,599,284,98492,1224,12995,58991,124440,26348,17,47,7,534,18340,634369643.5,39192,319267
434,65,26112,489,124,246,22738,551,266,98492,1224,12995,58991,124440,26348,17,46,7,533,15990,593734656,32984,269439
435,60,25642,437,116,236,22882,509,248,98492,1224,12995,58991,124440,26348,16,44,7,531,14160,586740244,28768,222433
436,55,23279,394,104,235,23883.5,511,250,98492,1224,12995,58991,124440,26348,14,41,5,523,12925,555983996.5,26000,201334
437,53,25124,375,101,229,22785,495,246,98492,1224,12995,58991,124440,26348,10,34,5,513,12137,572450340,24846,185625
438,53,25124,382,102,226,21805,482,239,98512,1224,12996,58994,124463,26351,10,38,5,527,11978,547828820,24378,184124
439,55,24858.5,370,96,222,21629,454,230,98542,1224,12996,59005,124497,26354,9,41,7,63,12210,537664496.5,22080,167980
440,55,24593,395,104,227,19870.5,444,229,98592,1225,13008,59050,124564,26366,8,55,7,107,12485,488675206.5,23816,175380
441,53,25329,349,90,230,19039.5,433,222,98605,1225,13011,59079,124581,26371,10,63,6,122,12190,482251495.5,19980,151117
442,57,24947,357,94,235,19299,467,232,98605,1225,13012,59085,124582,26375,7,66,6,133,13395,481452153,21808,166719
443,59,25280,357,99,224,19837,472,233,98864,1228,13047,59195,124909,26445,12,104,6,237,13216,501479360,23067,168504
444,59,25461,339,94,218,20731,472,224,99350,1230,13091,59477,125521,26594,16,142,6,357,12862,527831991,21056,160008
445,58,24774.5,333,92,219,20722,492,233,99350,1230,13091,59477,125521,26594,17,144,7,369,12702,513377189,21436,163836
446,58,24774.5,331,92,216,21723,488,230,99353,1230,13091,59477,125525,26595,18,150,7,375,12528,538176463.5,21160,161528
447,57,23996.5,347,100,217,20235,506,238,99357,1230,13091,59480,125529,26596,20,161,7,395,12369,485569177.5,23800,175582
448,60,23527,351,103,220,20141,518,242,99462,1232,13107,59564,125665,26635,20,165,7,421,13200,473857307,24926,181818
449,60,23238,363,106,214,18389,498,232,105826,1264,13721,63116,133511,28194,26,207,8,503,12840,427323582,24592,180774
450,62,25280,383,110,213,18833,475,228,105826,1264,13721,63116,133511,28194,29,228,7,546,13206,476098240,25080,181925
451,60,25111,400,113,214,18056,471,231,105826,1264,13721,63116,133511,28194,32,250,7,624,12840,453404216,26103,188400
452,59,25195.5,403,113,214,19534.5,443,218,105826,1264,13721,63116,133511,28194,33,241,6,597,12626,492181494.8,24634,178529
453,58,24097,426,121,205,18780,463,226,105826,1264,13721,63116,133511,28194,32,255,7,643,11890,452541660,27346,197238
454,61,23078,458,125,201,19044,446,218,105826,1264,13721,63116,133511,28194,30,265,7,698,12261,439497432,27250,204268
455,54,23690,413,114,198,18938.5,411,207,105826,1264,13721,63116,133511,28194,30,263,6,695,10692,448653065,23598,169743
456,52,22751.5,407,108,192,18456.5,402,203,105826,1264,13721,63116,133511,28194,28,243,6,628,9984,419913059.8,21924,163614
457,59,23690,443,115,188,16973,398,206,105826,1264,13721,63116,133511,28194,27,233,6,671,11092,402090370,23690,176314
458,59,24480,436,110,184,15718,394,203,105826,1264,13721,63116,133511,28194,27,240,6,714,10856,384776640,22330,171784
459,63,25111,485,122,179,15415,363,187,105826,1264,13721,63116,133511,28194,32,258,8,745,11277,387086065,22814,176055
460,66,25144,518,123,183,15699,384,194,105826,1264,13721,63116,133511,28194,30,254,8,742,12078,394735656,23862,198912
461,65,25611,594,146,176,16938.5,389,205,105826,1264,13721,63116,133511,28194,33,274,8,822,11440,433811923.5,29930,231066
462,66,25111,625,160,178,18723,390,205,105826,1264,13721,63116,133511,28194,29,244,7,770,11748,470153253,32800,243750
463,64,22822.5,592,147,176,18727,413,216,105826,1264,13721,63116,133511,28194,31,245,6,806,11264,427396957.5,31752,244496
464,62,23205.5,577,144,174,18392.5,416,213,105826,1264,13721,63116,133511,28194,29,248,6,803,10788,426807158.8,30672,240032
465,63,23683,587,150,174,16904,427,218,105826,1264,13721,63116,133511,28194,27,235,6,767,10962,400337432,32700,250649
466,60,25281.5,528,134,178,18415.5,414,211,105826,1264,13721,63116,133511,28194,29,222,6,718,10680,465571463.3,28274,218592
467,56,24788.5,482,122,181,18340,410,215,105826,1264,13721,63116,133511,28194,29,197,6,656,10136,454621090,26230,197620
468,56,24433,469,120,172,17534.5,394,206,105826,1264,13721,63116,133511,28194,28,192,6,639,9632,428420438.5,24720,184786
469,55,25667,461,121,181,18419,402,216,105826,1264,13721,63116,133511,28194,23,170,6,572,9955,472760473,26136,185322
470,54,25768.5,438,118,188,18092,409,219,105826,1264,13721,63116,133511,28194,22,161,6,453,10152,466203702,25842,179142
471,53,25960,433,116,204,17482.5,416,234,105826,1264,13721,63116,133511,28194,21,152,5,428,10812,453845700,27144,180128
472,56,26998,401,110,205,18268,407,237,105826,1264,13721,63116,133511,28194,24,156,6,452,11480,493199464,26070,163207
473,57,27889.5,369,104,199,18220,371,222,105826,1264,13721,63116,133511,28194,26,162,6,474,11343,508146690,23088,136899
474,56,32614,306,87,198,17793,340,199,105826,1264,13721,63116,133511,28194,25,140,6,423,11088,580300902,17313,104040
475,55,39973.5,270,73,203,18172,348,199,105826,1264,13721,63116,133511,28194,23,140,7,429,11165,726398442,14527,93960
476,53,42075,262,69,203,20046,340,193,105826,1264,13721,63116,133511,28194,21,129,7,413,10759,843435450,13317,89080
477,53,42075,252,67,204,21311.5,372,211,105826,1264,13721,63116,133511,28194,21,106,7,390,10812,896681362.5,14137,93744
478,50,46092.5,231,59,200,21709.5,362,207,105826,1264,13721,63116,133511,28194,19,104,7,386,10000,1000645129,12213,83622
479,49,48822,238,61,197,22432,354,207,105826,1264,13721,63116,133511,28194,17,95,7,366,9653,1095175104,12627,84252
480,53,48822,259,65,197,23062,376,219,105826,1264,13721,63116,133511,28194,17,97,7,373,10441,1125932964,14235,97384
481,56,48822,284,70,209,22937.5,393,228,105826,1264,13721,63116,133511,28194,16,92,7,359,11704,1119854625,15960,111612
482,54,48822,287,72,202,22604,383,225,105826,1264,13721,63116,133511,28194,16,95,8,366,10908,1103572488,16200,109921
483,53,49888,268,63,185,23062,351,209,105826,1264,13721,63116,133511,28194,16,86,8,346,9805,1150517056,13167,94068
484,51,46199,262,64,162,24320,318,186,105826,1264,13721,63116,133511,28194,14,82,8,338,8262,1123559680,11904,83316
485,50,58984,220,53,154,26160.5,319,182,105826,1264,13721,63116,133511,28194,8,60,7,287,7700,1543050932,9646,70180
486,47,58984,209,52,154,25421,342,193,105826,1264,13721,63116,133511,28194,7,50,7,239,7238,1499432264,10036,71478
487,47,54884,187,44,167,22937.5,386,210,105826,1264,13721,63116,133511,28194,6,51,6,239,7849,1258901750,9240,72182
488,49,37160,182,43,164,23062,361,201,105826,1264,13721,63116,133511,28194,5,39,6,207,8036,856983920,8643,65702
489,50,37160,176,45,167,22694,363,209,105826,1264,13721,63116,133511,28194,4,31,6,118,8350,843309040,9405,63888
490,52,53681,168,42,167,20367,333,194,105826,1264,13721,63116,133511,28194,3,28,5,90,8684,1093320927,8148,55944
491,55,53681,176,43,166,19992,344,193,105826,1264,13721,63116,133511,28194,4,33,5,102,9130,1073190552,8299,60544
492,53,35605,164,40,172,20581.5,370,199,105826,1264,13721,63116,133511,28194,5,35,5,109,9116,732804307.5,7960,60680
493,52,32867,164,37,170,20788,361,192,105826,1264,13721,63116,133511,28194,8,37,5,118,8840,683239196,7104,59204
494,55,46932,164,39,166,23414.5,360,189,105826,1264,13721,63116,133511,28194,9,39,4,121,9130,1098889314,7371,59040
495,58,46932,174,35,164,22000.5,369,187,105826,1264,13721,63116,133511,28194,10,52,5,183,9512,1032527466,6545,64206
496,57,51219,176,35,171,22000.5,392,197,105826,1264,13721,63116,133511,28194,11,68,5,222,9747,1126843610,6895,68992
497,54,52095,178,33,186,18811,448,218,105826,1264,13721,63116,133511,28194,11,82,5,289,10044,979959045,7194,79744
498,57,51747.5,183,34,186,18537,453,226,105826,1264,13721,63116,133511,28194,12,98,5,312,10602,959243407.5,7684,82899
499,58,52095,192,39,193,16554,472,234,105826,1264,13721,63116,133511,28194,11,98,5,391,11194,862380630,9126,90624
500,57,52187,190,39,186,18359.5,476,233,105826,1264,13721,63116,133511,28194,12,101,5,366,10602,958127226.5,9087,90440
501,60,46932,206,44,187,18077,480,234,105826,1264,13721,63116,133511,28194,16,144,5,475,11220,848389764,10296,98880
502,59,44483,214,46,183,17426,465,221,105826,1264,13721,63116,133511,28194,18,177,6,605,10797,775160758,10166,99510
503,60,32927,252,61,184,18410,493,228,105826,1264,13721,63116,133511,28194,20,193,6,670,11040,606186070,13908,124236
504,58,30743.5,249,61,175,18656,495,230,105826,1264,13721,63116,133511,28194,20,198,6,679,10150,573550736,14030,123255
505,60,31055,258,66,180,18359.5,485,233,105826,1264,13721,63116,133511,28194,20,201,6,685,10800,570154272.5,15378,125130
506,56,28692,277,73,183,16124,477,233,105826,1264,13721,63116,133511,28194,19,213,6,702,10248,462629808,17009,132129
507,53,22103,278,77,184,15985,481,242,105826,1264,13721,63116,133511,28194,19,219,6,715,9752,353316455,18634,133718
508,45,26425,267,76,180,16263,488,250,105826,1264,13721,63116,133511,28194,18,205,6,646,8100,429749775,19000,130296
509,47,26425,276,77,179,15969.5,486,252,105826,1264,13721,63116,133511,28194,17,192,6,611,8413,421994037.5,19404,134136
510,44,26425,268,78,170,18800,429,232,105826,1264,13721,63116,133511,28194,18,193,7,607,7480,496790000,18096,114972
511,45,27850,277,80,172,19376.5,437,233,105826,1264,13721,63116,133511,28194,15,181,7,589,7740,539635525,18640,121049
512,49,28692,303,85,164,20098.5,413,215,105826,1264,13721,63116,133511,28194,16,185,7,732,8036,576666162,18275,125139
513,51,28828,313,86,160,21816,371,200,105826,1264,13721,63116,133511,28194,16,165,8,694,8160,628911648,17200,116123
514,49,31055,311,85,160,21891,380,203,105879,1264,13724,63154,133581,28211,15,142,8,626,7840,679825005,17255,118180
515,49,31055,297,80,165,23506,377,211,105879,1264,13724,63154,133581,28211,12,103,8,493,8085,729978830,16880,111969
516,47,35722,266,66,163,24050.5,364,207,105879,1264,13724,63154,133581,28211,10,97,9,437,7661,859131961,13662,96824
517,48,37166,295,73,163,26080,361,203,105882,1264,13724,63153,133584,28211,11,93,9,431,7824,969289280,14819,106495
518,51,36531,330,76,156,26517,359,196,105921,1265,13727,63173,133632,28219,10,85,9,417,7956,968692527,14896,118470
519,53,43059,312,67,149,26558.5,348,190,106030,1266,13738,63228,133770,28245,9,76,9,396,7897,1143582452,12730,108576
520,53,43637,295,63,142,27198.5,333,175,106183,1268,13751,63274,133961,28277,10,72,8,401,7526,1186860945,11025,98235
521,54,41307,347,75,139,29082.5,308,160,100106,1172,12956,57363,126090,26629,11,93,9,493,7506,1201310828,12000,106876
522,54,42183,360,80,135,28945,290,149,100175,1173,12960,57373,126175,26636,12,94,9,490,7290,1220986935,11920,104400
523,55,39482,373,84,139,27934,302,157,100201,1173,12961,57386,126208,26644,12,84,8,457,7645,1102890188,13188,112646
524,54,39482,387,90,141,28913,276,143,100431,1173,12988,57393,126475,26703,14,99,8,305,7614,1141543066,12870,106812
525,55,38711,405,91,142,30652,260,145,100431,1173,12988,57393,126475,26703,17,100,8,300,7810,1186569572,13195,105300
526,56,37659,441,101,147,29524,256,146,100431,1173,12988,57393,126475,26703,18,119,9,324,8232,1111844316,14746,112896
527,60,37166,449,104,137,29353.5,248,140,100431,1173,12988,57393,126475,26703,23,145,10,507,8220,1090952181,14560,111352
528,62,36089,485,113,134,29312,246,141,100218,1171,12951,57282,126208,26660,28,170,10,568,8308,1057840768,15933,119310
529,61,36125,493,117,137,28914,228,133,100235,1172,12952,57286,126231,26663,30,181,10,577,8357,1044518250,15561,112404
530,61,32251,464,111,137,28914,221,129,100235,1172,12952,57286,126231,26663,33,188,11,581,8357,932505414,14319,102544
531,59,32930,439,108,137,28047,213,124,100263,1173,12954,57300,126264,26666,35,187,11,578,8083,923587710,13392,93507
532,60,32138,432,107,145,25943.5,239,142,100276,1174,12955,57307,126282,26673,34,191,10,593,8700,833772203,15194,103248
533,60,32025,447,111,148,24848,237,142,100276,1174,12955,57307,126282,26673,34,186,10,544,8880,795757200,15762,105939
534,63,32930,396,101,147,25295,238,142,100289,1174,12955,57314,126298,26680,37,173,10,489,9261,832964350,14342,94248
535,66,33688,402,98,163,24012.5,260,160,100310,1175,12956,57323,126322,26684,37,176,10,495,10758,808933100,15680,104520
536,64,36649,414,102,158,26973.5,239,148,100389,1176,12962,57359,126418,26706,36,174,10,497,10112,988551801.5,15096,98946
537,66,36387,392,97,148,24848,232,144,100405,1176,12963,57363,126436,26708,35,160,10,477,9768,904144176,13968,90944
538,66,38221.5,376,95,147,23289.5,233,146,100405,1176,12963,57363,126436,26708,30,148,10,490,9702,890159624.3,13870,87608
539,65,36125,360,93,153,22626,233,150,100492,1176,12973,57431,126540,26730,31,142,10,476,9945,817364250,13950,83880
540,59,38144,357,90,150,22626,225,143,100502,1176,12976,57441,126553,26735,29,136,10,333,8850,863046144,12870,80325
541,55,38386.5,336,85,141,22502,209,134,100487,1176,12976,57444,126537,26735,22,113,9,427,7755,863773023,11390,70224
542,55,39342,341,84,135,21940.5,192,127,100487,1176,12976,57444,126537,26735,19,101,9,412,7425,863183151,10668,65472
543,53,41269,350,87,143,22993,209,137,100960,1179,13021,57740,127118,26854,20,114,8,456,7579,948898117,11919,73150
544,50,44002,371,90,139,23730.5,190,125,101015,1180,13026,57760,127181,26865,20,123,8,472,6950,1044189461,11250,70490
545,49,38629,410,101,132,21503,184,120,101047,1180,13026,57772,127218,26875,20,121,9,493,6468,830639387,12120,75440
546,49,40055,419,103,136,21252.5,189,127,101301,1183,13058,57918,127529,26923,22,128,9,510,6664,851268887.5,13081,79191
547,47,40890,415,102,135,21758,186,123,101321,1183,13060,57930,127554,26931,18,124,9,506,6345,889684620,12546,77190
548,44,39342,402,100,120,21668,161,107,101322,1183,13060,57930,127555,26931,18,123,9,502,5280,852462456,10700,64722
549,44,38309.5,388,94,125,21346.5,188,122,101322,1183,13060,57930,127555,26931,17,123,8,490,5500,817773741.8,11468,72944
550,45,36627.5,388,92,134,20853,206,128,101415,1185,13070,57973,127667,26946,17,127,8,504,6030,763793257.5,11776,79928
551,43,36636,361,81,126,21252.5,191,118,101485,1185,13071,57980,127743,26955,17,119,8,452,5418,778606590,9558,68951
552,46,39682.5,344,76,119,21788.5,179,111,101486,1185,13071,57980,127744,26955,15,108,8,437,5474,864622151.3,8436,61576
553,55,41194,359,77,116,20481,206,123,101592,1185,13087,58045,127861,26973,15,107,5,452,6380,843694314,9471,73954
554,56,43031,361,79,107,20608.5,197,118,101626,1186,13093,58063,127908,26993,17,105,6,343,5992,886804363.5,9322,71117
555,52,44161,346,73,101,18746,194,116,101626,1186,13093,58063,127908,26993,16,106,6,350,5252,827842106,8468,67124
556,51,44161,308,64,98,16949.5,185,110,101626,1186,13093,58063,127908,26993,13,86,6,293,4998,748506869.5,7040,56980
557,51,41527,278,59,98,18200,205,122,101626,1186,13093,58063,127908,26993,14,81,7,286,4998,755791400,7198,56990
558,51,58842,223,46,94,21788.5,183,110,101626,1186,13093,58063,127908,26993,12,75,7,239,4794,1282078917,5060,40809
559,52,57310.5,218,43,92,22687,172,96,101626,1186,13093,58063,127908,26993,10,70,7,241,4784,1300203314,4128,37496
560,53,47396,209,40,87,22687,166,92,101626,1186,13093,58063,127908,26993,10,63,7,231,4611,1075273052,3680,34694
561,50,44161,193,36,87,22707.5,167,90,101626,1186,13093,58063,127908,26993,10,58,7,225,4350,1002785908,3240,32231
562,55,40940.5,209,41,91,22997,149,84,101544,1186,13064,58003,127797,26964,16,73,8,258,5005,941508678.5,3444,31141
563,57,40940.5,233,52,96,24104,150,85,101683,1187,13072,58059,127964,27000,18,77,9,242,5472,986829812,4420,34950
564,60,37350,252,56,101,24104,193,96,102108,1193,13142,58317,128492,27119,17,72,9,231,6060,900284400,5376,48636
565,58,31586,265,60,102,22687,210,101,102108,1193,13142,58317,128492,27119,21,85,9,505,5916,716591582,6060,55650
566,46,31586,242,55,96,26323,191,91,102108,1193,13142,58317,128492,27119,23,89,9,573,4416,831438278,5005,46222
567,44,30792,229,53,98,25822,201,95,102108,1193,13142,58317,128492,27119,22,89,8,533,4312,795111024,5035,46029
568,45,31263,225,52,97,27293,207,96,102108,1193,13142,58317,128492,27119,22,90,7,533,4365,853261059,4992,46575
569,46,30321,238,54,91,27888,192,86,102108,1193,13142,58317,128492,27119,23,96,7,609,4186,845592048,4644,45696
570,51,34920,288,66,93,25335.5,193,85,102108,1193,13142,58317,128492,27119,22,94,6,639,4743,884715660,5610,55584
571,51,32486,293,69,93,23032,193,84,102108,1193,13142,58317,128492,27119,23,99,7,667,4743,748217552,5796,56549
572,51,32486,288,68,91,19559.5,195,85,102108,1193,13142,58317,128492,27119,26,99,7,655,4641,635409917,5780,56160
573,52,30905,293,71,97,20253,205,92,102108,1193,13142,58317,128492,27119,28,107,7,673,5044,625918965,6532,60065
574,52,33063,284,68,95,21176,210,90,102108,1193,13142,58317,128492,27119,26,109,7,674,4940,700142088,6120,59640
575,48,33879.5,261,64,89,20433.5,226,91,102108,1193,13142,58317,128492,27119,22,95,7,617,4272,692276763.3,5824,58986
576,45,36708,245,57,81,20140,218,86,102108,1193,13142,58317,128492,27119,20,92,6,613,3645,739299120,4902,53410
577,42,37835,230,52,79,20462,192,79,102108,1193,13142,58317,128492,27119,14,88,6,658,3318,774179770,4108,44160
578,40,38153,196,46,86,20219,188,78,102108,1193,13142,58317,128492,27119,13,72,6,350,3440,771415507,3588,36848
579,36,40455.5,178,40,94,18694,202,83,102108,1193,13142,58317,128492,27119,10,66,6,290,3384,756275117,3320,35956
580,38,41097.5,191,44,97,18405,211,88,102108,1193,13142,58317,128492,27119,10,57,6,273,3686,756399487.5,3872,40301
581,39,38153,219,53,97,18444,199,83,102108,1193,13142,58317,128492,27119,11,67,6,300,3783,703693932,4399,43581
582,36,36703,193,50,106,18444,222,90,102108,1193,13142,58317,128492,27119,12,63,6,232,3816,676950132,4500,42846
583,29,36698,145,35,107,18526.5,214,90,102108,1193,13142,58317,128492,27119,11,59,6,188,3103,679885497,3150,31030
584,29,38153,138,32,111,17037,219,94,102108,1193,13142,58317,128492,27119,10,55,6,164,3219,650012661,3008,30222
585,30,36698,143,34,108,18270,210,90,102108,1193,13142,58317,128492,27119,8,53,6,162,3240,670472460,3060,30030
586,28,40659,131,33,103,16159,208,87,102108,1193,13142,58317,128492,27119,8,59,6,168,2884,657008781,2871,27248
587,33,40659,143,38,97,14921,196,82,102108,1193,13142,58317,128492,27119,9,53,6,161,3201,606672939,3116,28028
588,32,41536,156,42,93,14808,164,72,102108,1193,13142,58317,128492,27119,15,60,6,181,2976,615065088,3024,25584
589,30,55300,145,41,93,15271,149,70,102108,1193,13142,58317,128492,27119,18,62,6,183,2790,844486300,2870,21605
590,30,58860.5,133,38,92,16159,144,70,102108,1193,13142,58317,128492,27119,18,57,6,122,2760,951126819.5,2660,19152
591,30,55936,134,39,85,15271,132,64,102108,1193,13142,58317,128492,27119,19,58,6,123,2550,854198656,2496,17688
592,30,54664,131,38,73,15504,103,51,102108,1193,13142,58317,128492,27119,17,55,5,117,2190,847510656,1938,13493
593,27,38468,104,31,71,14981,106,50,102108,1193,13142,58317,128492,27119,17,49,5,93,1917,576289108,1550,11024
594,25,66126.5,80,23,73,16027,118,57,102108,1193,13142,58317,128492,27119,14,43,5,81,1825,1059809416,1311,9440
595,33,40793,94,28,71,16533,109,53,102108,1193,13142,58317,128492,27119,14,42,5,80,2343,674430669,1484,10246
596,36,40793,106,31,70,16157,106,53,102108,1193,13142,58317,128492,27119,14,42,5,80,2520,659092501,1643,11236
597,36,39081,106,33,63,16533,97,48,102108,1193,13142,58317,128492,27119,14,40,5,69,2268,646126173,1584,10282
598,35,40793,100,31,67,14831,106,52,102108,1193,13142,58317,128492,27119,13,38,5,67,2345,605000983,1612,10600
599,34,39081,94,27,70,15559,117,56,102108,1193,13142,58317,128492,27119,11,25,5,44,2380,608061279,1512,10998
600,30,39081,80,21,72,16290,122,59,102113,1193,13142,58317,128498,27118,11,26,5,48,2160,636629490,1239,9760
601,28,39081,74,18,72,16290,123,60,102122,1193,13143,58325,128513,27124,8,21,3,40,2016,636629490,1080,9102
602,31,29863,77,19,73,14831,124,61,102132,1193,13145,58329,128526,27127,5,23,3,48,2263,442898153,1159,9548
603,31,31207.5,82,20,79,13386,128,63,102136,1193,13145,58331,128531,27128,6,30,3,58,2449,417743595,1260,10496
604,33,32722.5,91,24,79,14462,130,61,102139,1193,13145,58331,128535,27129,5,31,3,60,2607,473232795,1464,11830
605,33,37125,98,27,81,15220,132,62,102197,1194,13149,58365,128601,27134,6,35,4,69,2673,565042500,1674,12936
606,32,37125,101,27,81,16327,143,66,102197,1194,13149,58365,128601,27134,6,34,4,68,2592,606139875,1782,14443
607,31,38103,99,27,80,16487.5,120,57,102197,1194,13149,58365,128601,27134,6,33,4,67,2480,628223212.5,1539,11880
608,27,39081,84,23,78,16285,112,52,102197,1194,13149,58365,128601,27134,6,33,4,67,2106,636434085,1196,9408
609,22,42578,68,17,74,16308.5,107,51,102197,1194,13149,58365,128601,27134,6,33,4,67,1628,694383313,867,7276
610,22,37785.5,73,18,73,16285,110,51,102197,1194,13149,58365,128601,27134,6,32,4,66,1606,615336867.5,918,8030
611,21,32993,76,19,70,15752.5,99,47,102209,1194,13152,58380,128616,27137,7,34,4,74,1470,519722232.5,893,7524
612,20,32993,77,19,65,16327,82,41,102212,1194,13152,58386,128619,27138,7,35,4,77,1300,538676711,779,6314
613,22,32993,79,18,66,16306,79,40,102217,1194,13153,58392,128626,27141,5,29,4,62,1452,537983858,720,6241
614,23,53150,78,19,66,16285,79,39,102217,1194,13153,58392,128626,27141,3,24,3,47,1518,865547750,741,6162
615,23,163470.5,73,16,69,18202,97,45,102217,1194,13153,58392,128626,27141,4,23,3,45,1587,2975490041,720,7081
616,25,163470.5,78,15,65,18202,99,48,102217,1194,13153,58392,128626,27141,3,15,3,33,1625,2975490041,720,7722
617,29,53474,79,15,68,19089,109,55,102220,1194,13153,58392,128629,27141,2,13,3,31,1972,1020765186,825,8611
618,28,53150,79,14,64,18529,89,49,102465,1195,13185,58533,128935,27178,3,16,2,43,1792,984816350,686,7031
619,30,53150,79,14,57,18809,83,45,102465,1195,13185,58533,128935,27178,3,17,2,50,1710,999698350,630,6557
620,29,53312,77,14,62,24332.5,106,57,102465,1195,13185,58533,128935,27178,6,22,2,61,1798,1297214240,798,8162
621,29,53312,77,14,61,25460,103,54,102465,1195,13185,58533,128935,27178,6,23,2,65,1769,1357323520,756,7931
622,30,57255,69,12,63,26537,107,59,102465,1195,13185,58533,128935,27178,7,27,2,76,1890,1519375935,708,7383
623,33,61036,70,14,62,28185,112,60,102465,1195,13185,58533,128935,27178,6,26,2,67,2046,1720299660,840,7840
624,29,61036,65,13,69,28185,114,63,102465,1195,13185,58533,128935,27178,6,26,2,67,2001,1720299660,819,7410
625,28,51050,65,13,68,29018,112,60,102465,1195,13185,58533,128935,27178,7,29,2,72,1904,1481368900,780,7280
626,31,52811.5,79,16,61,27925,97,55,102465,1195,13185,58533,128935,27178,7,35,2,82,1891,1474761138,880,7663
627,35,51599.5,74,14,54,29434.5,80,47,102465,1195,13185,58533,128935,27178,8,46,2,129,1890,1518805483,658,5920
628,34,52682.5,84,19,55,26624,80,48,102465,1195,13185,58533,128935,27178,9,46,2,124,1870,1402618880,912,6720
629,34,46986.5,125,32,56,26654,76,47,102465,1195,13185,58533,128935,27178,8,40,2,103,1904,1252378171,1504,9500
630,34,47175,148,36,56,26654,73,45,102479,1195,13187,58546,128956,27184,10,56,2,125,1904,1257402450,1620,10804
631,33,46798,164,39,56,28640,63,41,102464,1195,13185,58553,128943,27184,10,80,3,165,1848,1340294720,1599,10332
632,34,32778,198,51,53,25959,66,40,102465,1195,13184,58553,128944,27184,10,80,3,165,1802,850884102,2040,13068
633,35,34485,211,55,51,25195.5,60,36,102465,1195,13184,58553,128944,27184,10,83,3,170,1785,868866817.5,1980,12660
634,35,34485,213,55,59,24153,74,43,102465,1195,13184,58553,128944,27184,9,79,3,159,2065,832916205,2365,15762
635,35,34485,213,55,57,24623,76,45,102465,1195,13184,58553,128944,27184,9,77,3,157,1995,849124155,2475,16188
636,35,32778,224,56,60,23601.5,80,49,102465,1195,13184,58553,128944,27184,13,88,3,170,2100,773609967,2744,17920
637,35,34485,229,58,58,23683,81,46,102465,1195,13184,58553,128944,27184,15,93,3,255,2030,816708255,2668,18549
638,34,43946.5,237,60,59,23683,90,50,102412,1195,13183,58548,128888,27181,14,92,3,255,2006,1040784960,3000,21330
639,31,34916.5,224,58,60,23683,93,54,102403,1195,13183,58543,128878,27181,12,82,3,236,1860,826927469.5,3132,20832
640,29,35348,216,58,60,24623,87,49,102403,1195,13183,58543,128878,27181,11,70,3,189,1740,870373804,2842,18792
641,28,44735.5,198,52,60,24623,91,51,102403,1195,13183,58543,128878,27181,11,70,3,189,1680,1101522217,2652,18018
642,28,51059,163,42,58,24663.5,89,50,102403,1195,13183,58543,128878,27181,11,72,3,194,1624,1259293647,2100,14507
643,27,37987,151,39,58,24623,91,53,102660,1197,13208,58700,129206,27250,15,63,4,371,1566,935353901,2067,13741
644,27,35348,133,36,55,23683,85,48,102668,1197,13210,58705,129215,27253,13,40,4,352,1485,837146684,1728,11305
645,26,77816,99,24,63,24663.5,85,49,103548,1204,13315,59141,130290,27524,13,39,3,351,1638,1919214916,1176,8415
646,26,87229,95,23,61,28900,80,45,104329,1215,13392,59646,131255,27736,13,47,4,403,1586,2520918100,1035,7600
647,27,88991,97,25,62,35088,72,43,104329,1215,13392,59646,131255,27736,13,47,4,403,1674,3122516208,1075,6984
648,31,103388,103,25,62,28900,60,36,104329,1215,13392,59646,131255,27736,14,48,4,406,1922,2987913200,900,6180
649,30,117804,92,23,57,31017.5,56,33,104329,1215,13392,59646,131255,27736,8,34,4,390,1710,3653985570,759,5152
650,29,87229,88,20,52,31994,42,30,104329,1215,13392,59646,131255,27736,8,32,4,308,1508,2790804626,600,3696
651,29,70200,84,21,49,35088,35,24,104329,1215,13392,59643,131255,27736,8,30,4,304,1421,2463177600,504,2940
652,29,53171,91,22,51,57136,32,23,104329,1215,13392,59646,131255,27736,10,33,4,332,1479,3037978256,506,2912
